DATECOLLECTED,SAMPLELOCATION,daily_flow_rate_m3
2022-03-07,AU_Eastern,NA
2022-03-09,AU_Eastern,NA
2022-03-11,AU_Eastern,NA
2022-03-14,AU_Eastern,NA
2022-03-16,AU_Eastern,NA
2022-03-21,AU_Eastern,NA
2022-03-22,AU_Eastern,3857.709893
2022-03-23,AU_Eastern,4666.262635
2022-03-24,AU_Eastern,2781.469599
2022-03-25,AU_Eastern,2147.990985
2022-03-26,AU_Eastern,2408.063875
2022-03-27,AU_Eastern,2095.846096
2022-03-28,AU_Eastern,1250.648938
2022-03-29,AU_Eastern,1978.945367
2022-03-30,AU_Eastern,1903.789106
2022-03-31,AU_Eastern,2574.536863
2022-04-01,AU_Eastern,1417.983676
2022-04-02,AU_Eastern,1795.04083
2022-04-03,AU_Eastern,1847.535088
2022-04-04,AU_Eastern,1301.177636
2022-04-05,AU_Eastern,1909.604605
2022-04-06,AU_Eastern,1951.22713
2022-04-07,AU_Eastern,1856.748723
2022-04-08,AU_Eastern,1770.617117
2022-04-09,AU_Eastern,1722.538003
2022-04-10,AU_Eastern,1668.840782
2022-04-11,AU_Eastern,1652.287533
2022-04-12,AU_Eastern,1721.140536
2022-04-13,AU_Eastern,1832.452412
2022-04-14,AU_Eastern,1971.711708
2022-04-15,AU_Eastern,1755.19543
2022-04-16,AU_Eastern,1592.352151
2022-04-17,AU_Eastern,1532.088907
2022-04-18,AU_Eastern,1508.357666
2022-04-19,AU_Eastern,1756.327652
2022-04-20,AU_Eastern,2045.425199
2022-04-21,AU_Eastern,1884.688726
2022-04-22,AU_Eastern,1869.21536
2022-04-23,AU_Eastern,1870.729268
2022-04-24,AU_Eastern,1701.575313
2022-04-25,AU_Eastern,1925.719219
2022-04-26,AU_Eastern,1817.097407
2022-04-27,AU_Eastern,1793.152583
2022-04-28,AU_Eastern,1743.166871
2022-04-29,AU_Eastern,1761.433594
2022-04-30,AU_Eastern,1743.430497
2022-05-01,AU_Eastern,1714.734142
2022-05-02,AU_Eastern,1717.645486
2022-05-03,AU_Eastern,1831.113171
2022-05-04,AU_Eastern,1781.955435
2022-05-05,AU_Eastern,1784.485097
2022-05-06,AU_Eastern,1780.662673
2022-05-07,AU_Eastern,1740.631658
2022-05-08,AU_Eastern,1678.484312
2022-05-09,AU_Eastern,1658.433868
2022-05-10,AU_Eastern,1803.313742
2022-05-11,AU_Eastern,1884.394742
2022-05-12,AU_Eastern,1775.074475
2022-05-13,AU_Eastern,1773.066062
2022-05-14,AU_Eastern,1730.215935
2022-05-15,AU_Eastern,1655.565928
2022-05-16,AU_Eastern,1650.593939
2022-05-17,AU_Eastern,1805.5563
2022-05-18,AU_Eastern,1859.868467
2022-05-19,AU_Eastern,1902.194716
2022-05-20,AU_Eastern,2338.100731
2022-05-21,AU_Eastern,2200.538265
2022-05-22,AU_Eastern,1896.162431
2022-05-23,AU_Eastern,1817.484689
2022-05-24,AU_Eastern,1850.329074
2022-05-25,AU_Eastern,1795.538654
2022-05-26,AU_Eastern,1796.494395
2022-05-27,AU_Eastern,1836.159986
2022-05-28,AU_Eastern,1766.942188
2022-05-29,AU_Eastern,1729.268695
2022-05-30,AU_Eastern,2220.906438
2022-05-31,AU_Eastern,3513.472477
2022-06-01,AU_Eastern,3175.225421
2022-06-02,AU_Eastern,2629.562791
2022-06-03,AU_Eastern,3071.419434
2022-06-04,AU_Eastern,3056.795318
2022-06-05,AU_Eastern,2250.581204
2022-06-06,AU_Eastern,3069.619095
2022-06-07,AU_Eastern,4629.976624
2022-06-08,AU_Eastern,3157.241723
2022-06-09,AU_Eastern,2634.877915
2022-06-10,AU_Eastern,2415.84978
2022-06-11,AU_Eastern,2636.951865
2022-06-12,AU_Eastern,3938.474843
2022-06-13,AU_Eastern,4802.839876
2022-06-14,AU_Eastern,4715.3370860000005
2022-06-15,AU_Eastern,3683.847216
2022-06-16,AU_Eastern,3318.253577
2022-06-17,AU_Eastern,2867.427299
2022-06-18,AU_Eastern,2566.787483
2022-06-19,AU_Eastern,2953.157582
2022-06-20,AU_Eastern,2927.202235
2022-06-21,AU_Eastern,2601.596075
2022-06-22,AU_Eastern,2409.223058
2022-06-23,AU_Eastern,2311.531185
2022-06-24,AU_Eastern,2196.098455
2022-06-25,AU_Eastern,2994.289892
2022-06-26,AU_Eastern,2668.032121
2022-06-27,AU_Eastern,2394.18206
2022-06-28,AU_Eastern,2385.333159
2022-06-29,AU_Eastern,2276.080482
2022-06-30,AU_Eastern,3247.902344
2022-07-01,AU_Eastern,2622.040123
2022-07-02,AU_Eastern,2378.046076
2022-07-03,AU_Eastern,2227.562372
2022-07-04,AU_Eastern,2129.561166
2022-07-05,AU_Eastern,2133.176288
2022-07-06,AU_Eastern,4510.015539
2022-07-07,AU_Eastern,3899.786382
2022-07-08,AU_Eastern,4415.181719
2022-07-09,AU_Eastern,6266.177154
2022-07-10,AU_Eastern,4151.389597
2022-07-11,AU_Eastern,2972.002027
2022-07-12,AU_Eastern,4436.238819
2022-07-13,AU_Eastern,6189.574939
2022-07-14,AU_Eastern,4582.579215
2022-07-15,AU_Eastern,4937.525813
2022-07-16,AU_Eastern,4064.223527
2022-07-17,AU_Eastern,3417.397359
2022-07-18,AU_Eastern,3016.080514
2022-07-19,AU_Eastern,2917.120109
2022-07-20,AU_Eastern,3747.940518
2022-07-21,AU_Eastern,4530.85483
2022-07-22,AU_Eastern,3873.414365
2022-07-23,AU_Eastern,3109.30079
2022-07-24,AU_Eastern,2686.041464
2022-07-25,AU_Eastern,3160.541667
2022-07-26,AU_Eastern,5193.989735
2022-07-27,AU_Eastern,5289.455834
2022-07-28,AU_Eastern,4176.516403
2022-07-29,AU_Eastern,4145.823307
2022-07-30,AU_Eastern,3237.927482
2022-07-31,AU_Eastern,2863.242079
2022-08-01,AU_Eastern,3118.134311
2022-08-02,AU_Eastern,2712.907963
2022-08-03,AU_Eastern,2514.744589
2022-08-04,AU_Eastern,2432.613355
2022-08-05,AU_Eastern,2336.293604
2022-08-06,AU_Eastern,2254.632224
2022-08-07,AU_Eastern,2134.164606
2022-08-08,AU_Eastern,4192.258572
2022-08-09,AU_Eastern,4043.657424
2022-08-10,AU_Eastern,3907.91162
2022-08-11,AU_Eastern,2995.502481
2022-08-12,AU_Eastern,2678.057592
2022-08-13,AU_Eastern,2476.199531
2022-08-14,AU_Eastern,2398.49066
2022-08-15,AU_Eastern,2215.00461
2022-08-16,AU_Eastern,2194.97774
2022-08-17,AU_Eastern,2197.260334
2022-08-18,AU_Eastern,2960.588082
2022-08-19,AU_Eastern,5928.345068
2022-08-20,AU_Eastern,4902.264931
2022-08-21,AU_Eastern,3572.913795
2022-08-22,AU_Eastern,2947.2504
2022-08-23,AU_Eastern,3045.91535
2022-08-24,AU_Eastern,3028.556287
2022-08-25,AU_Eastern,2599.30654
2022-08-26,AU_Eastern,4059.830897
2022-08-27,AU_Eastern,3808.704016
2022-08-28,AU_Eastern,2935.246667
2022-08-29,AU_Eastern,2591.568994
2022-08-30,AU_Eastern,2444.443289
2022-08-31,AU_Eastern,2372.665306
2022-09-01,AU_Eastern,2232.973798
2022-09-02,AU_Eastern,2142.194791
2022-09-05,AU_Eastern,NA
2022-09-07,AU_Eastern,NA
2022-09-12,AU_Eastern,NA
2022-09-14,AU_Eastern,NA
2022-09-19,AU_Eastern,NA
2022-09-21,AU_Eastern,NA
2022-09-28,AU_Eastern,NA
2022-10-03,AU_Eastern,NA
2022-10-05,AU_Eastern,NA
2022-03-07,AU_SouthWestern,NA
2022-03-09,AU_SouthWestern,NA
2022-03-11,AU_SouthWestern,NA
2022-03-14,AU_SouthWestern,NA
2022-03-16,AU_SouthWestern,NA
2022-03-21,AU_SouthWestern,NA
2022-03-22,AU_SouthWestern,665.730631
2022-03-23,AU_SouthWestern,375.6476015
2022-03-24,AU_SouthWestern,469.4442366
2022-03-25,AU_SouthWestern,374.9205941
2022-03-26,AU_SouthWestern,348.4759525
2022-03-27,AU_SouthWestern,330.9346065
2022-03-28,AU_SouthWestern,317.8772566
2022-03-29,AU_SouthWestern,304.6418562
2022-03-30,AU_SouthWestern,322.7646281
2022-03-31,AU_SouthWestern,764.6111687
2022-04-01,AU_SouthWestern,325.3634023
2022-04-02,AU_SouthWestern,310.8641905
2022-04-03,AU_SouthWestern,306.597857
2022-04-04,AU_SouthWestern,302.6406649
2022-04-05,AU_SouthWestern,302.2289084
2022-04-06,AU_SouthWestern,318.9463023
2022-04-07,AU_SouthWestern,338.4257202
2022-04-08,AU_SouthWestern,327.0641242
2022-04-09,AU_SouthWestern,316.6515831
2022-04-10,AU_SouthWestern,309.1808845
2022-04-11,AU_SouthWestern,309.7244127
2022-04-12,AU_SouthWestern,321.5771195
2022-04-13,AU_SouthWestern,323.449031
2022-04-14,AU_SouthWestern,328.8382732
2022-04-15,AU_SouthWestern,324.4131119
2022-04-16,AU_SouthWestern,301.6630585
2022-04-17,AU_SouthWestern,292.2348821
2022-04-18,AU_SouthWestern,288.1180364
2022-04-19,AU_SouthWestern,295.2554642
2022-04-20,AU_SouthWestern,322.5248506
2022-04-21,AU_SouthWestern,324.7233105
2022-04-22,AU_SouthWestern,324.384805
2022-04-23,AU_SouthWestern,311.9605085
2022-04-24,AU_SouthWestern,304.0310761
2022-04-25,AU_SouthWestern,303.151266
2022-04-26,AU_SouthWestern,315.7614579
2022-04-27,AU_SouthWestern,328.5240749
2022-04-28,AU_SouthWestern,316.9420866
2022-04-29,AU_SouthWestern,321.0832258
2022-04-30,AU_SouthWestern,312.074197
2022-05-01,AU_SouthWestern,304.3308538
2022-05-02,AU_SouthWestern,303.9898789
2022-05-03,AU_SouthWestern,332.245657
2022-05-04,AU_SouthWestern,361.9999588
2022-05-05,AU_SouthWestern,361.9999588
2022-05-06,AU_SouthWestern,361.9999588
2022-05-07,AU_SouthWestern,361.9999588
2022-05-08,AU_SouthWestern,361.9999588
2022-05-09,AU_SouthWestern,361.9999588
2022-05-10,AU_SouthWestern,361.9999588
2022-05-11,AU_SouthWestern,361.9999588
2022-05-12,AU_SouthWestern,361.9999588
2022-05-13,AU_SouthWestern,361.9999588
2022-05-14,AU_SouthWestern,361.9999588
2022-05-15,AU_SouthWestern,361.9999588
2022-05-16,AU_SouthWestern,361.9999588
2022-05-17,AU_SouthWestern,361.9999588
2022-05-18,AU_SouthWestern,361.9999588
2022-05-19,AU_SouthWestern,361.9999588
2022-05-20,AU_SouthWestern,361.9999588
2022-05-21,AU_SouthWestern,350.704722
2022-05-22,AU_SouthWestern,330.7685852
2022-05-23,AU_SouthWestern,324.5518713
2022-05-24,AU_SouthWestern,330.0766451
2022-05-25,AU_SouthWestern,323.6554418
2022-05-26,AU_SouthWestern,322.1175378
2022-05-27,AU_SouthWestern,320.6556846
2022-05-28,AU_SouthWestern,316.8996307
2022-05-29,AU_SouthWestern,297.5898858
2022-05-30,AU_SouthWestern,313.9067741
2022-05-31,AU_SouthWestern,653.841136
2022-06-01,AU_SouthWestern,372.6421539
2022-06-02,AU_SouthWestern,353.4121099
2022-06-03,AU_SouthWestern,409.5007911
2022-06-04,AU_SouthWestern,373.2625737
2022-06-05,AU_SouthWestern,363.3818089
2022-06-06,AU_SouthWestern,331.586684
2022-06-07,AU_SouthWestern,364.1235443
2022-06-08,AU_SouthWestern,405.3134557
2022-06-09,AU_SouthWestern,401.8033376
2022-06-10,AU_SouthWestern,380.0879423
2022-06-11,AU_SouthWestern,405.784911
2022-06-12,AU_SouthWestern,365.3414023
2022-06-13,AU_SouthWestern,453.1668815
2022-06-14,AU_SouthWestern,584.3586569
2022-06-15,AU_SouthWestern,393.9085455
2022-06-16,AU_SouthWestern,317.0963355
2022-06-17,AU_SouthWestern,274.1210122
2022-06-18,AU_SouthWestern,382.1903024
2022-06-19,AU_SouthWestern,392.3332175
2022-06-20,AU_SouthWestern,397.6139049
2022-06-21,AU_SouthWestern,364.1288736
2022-06-22,AU_SouthWestern,384.2940591
2022-06-23,AU_SouthWestern,373.2657558
2022-06-24,AU_SouthWestern,374.4347739
2022-06-25,AU_SouthWestern,380.0558488
2022-06-26,AU_SouthWestern,406.3681068
2022-06-27,AU_SouthWestern,382.185154
2022-06-28,AU_SouthWestern,352.6469064
2022-06-29,AU_SouthWestern,378.8137638
2022-06-30,AU_SouthWestern,399.5218367
2022-07-01,AU_SouthWestern,399.3465652
2022-07-02,AU_SouthWestern,385.8259694
2022-07-03,AU_SouthWestern,363.6510566
2022-07-04,AU_SouthWestern,356.5904614
2022-07-05,AU_SouthWestern,339.138559
2022-07-06,AU_SouthWestern,803.2858266
2022-07-07,AU_SouthWestern,805.1788536
2022-07-08,AU_SouthWestern,423.6464188
2022-07-09,AU_SouthWestern,1131.556654
2022-07-10,AU_SouthWestern,950.6588816
2022-07-11,AU_SouthWestern,719.3849036
2022-07-12,AU_SouthWestern,454.112834
2022-07-13,AU_SouthWestern,1381.505683
2022-07-14,AU_SouthWestern,1206.368314
2022-07-15,AU_SouthWestern,1175.171164
2022-07-16,AU_SouthWestern,1010.201462
2022-07-17,AU_SouthWestern,841.2764913
2022-07-18,AU_SouthWestern,774.415274
2022-07-19,AU_SouthWestern,714.3507438
2022-07-20,AU_SouthWestern,809.8690134
2022-07-21,AU_SouthWestern,1000.042124
2022-07-22,AU_SouthWestern,974.907152
2022-07-23,AU_SouthWestern,810.2462107
2022-07-24,AU_SouthWestern,694.2762639
2022-07-25,AU_SouthWestern,672.4696222
2022-07-26,AU_SouthWestern,915.4936398
2022-07-27,AU_SouthWestern,1038.36829
2022-07-28,AU_SouthWestern,924.6575584
2022-07-29,AU_SouthWestern,811.598318
2022-07-30,AU_SouthWestern,723.4025215
2022-07-31,AU_SouthWestern,658.5987061
2022-08-01,AU_SouthWestern,627.656749
2022-08-02,AU_SouthWestern,594.1852383
2022-08-03,AU_SouthWestern,565.0330636
2022-08-04,AU_SouthWestern,547.932191
2022-08-05,AU_SouthWestern,527.6271867
2022-08-06,AU_SouthWestern,509.0761819
2022-08-07,AU_SouthWestern,494.8109539
2022-08-08,AU_SouthWestern,710.8040071
2022-08-09,AU_SouthWestern,696.1022758
2022-08-10,AU_SouthWestern,759.5220725
2022-08-11,AU_SouthWestern,646.5543855
2022-08-12,AU_SouthWestern,598.5363411
2022-08-13,AU_SouthWestern,561.3704662
2022-08-14,AU_SouthWestern,537.1815026
2022-08-15,AU_SouthWestern,527.3383799
2022-08-16,AU_SouthWestern,497.9877224
2022-08-17,AU_SouthWestern,495.76597
2022-08-18,AU_SouthWestern,539.3043359
2022-08-19,AU_SouthWestern,1017.863618
2022-08-20,AU_SouthWestern,926.2091001
2022-08-21,AU_SouthWestern,780.1456184
2022-08-22,AU_SouthWestern,659.7113189
2022-08-23,AU_SouthWestern,644.6198007
2022-08-24,AU_SouthWestern,660.6173237
2022-08-25,AU_SouthWestern,591.2124077
2022-08-26,AU_SouthWestern,858.0224382
2022-08-27,AU_SouthWestern,874.7162191
2022-08-28,AU_SouthWestern,718.0848609
2022-08-29,AU_SouthWestern,644.062583
2022-08-30,AU_SouthWestern,598.9215732
2022-08-31,AU_SouthWestern,570.8192116
2022-09-01,AU_SouthWestern,561.3511014
2022-09-02,AU_SouthWestern,535.5075281
2022-09-05,AU_SouthWestern,NA
2022-09-07,AU_SouthWestern,NA
2022-09-12,AU_SouthWestern,NA
2022-09-14,AU_SouthWestern,NA
2022-09-19,AU_SouthWestern,NA
2022-09-21,AU_SouthWestern,NA
2022-09-26,AU_SouthWestern,NA
2022-09-28,AU_SouthWestern,NA
2022-10-03,AU_SouthWestern,NA
2022-10-05,AU_SouthWestern,NA
2022-08-27,AU_Western,1874.658316
2022-08-28,AU_Western,1373.312049
2022-08-29,AU_Western,1194.717353
2022-08-30,AU_Western,1107.193288
2022-08-31,AU_Western,1067.113946
2022-09-01,AU_Western,1022.451564
2022-09-02,AU_Western,925.8441579
2022-09-05,AU_Western,NA
2022-09-07,AU_Western,NA
2022-09-12,AU_Western,NA
2022-09-14,AU_Western,NA
2022-09-19,AU_Western,NA
2022-09-21,AU_Western,NA
2022-09-26,AU_Western,NA
2022-09-28,AU_Western,NA
2022-10-03,AU_Western,NA
2022-10-05,AU_Western,NA
2022-01-02,CA_Christchurch,148860.0165
2022-01-03,CA_Christchurch,146523.5248
2022-01-04,CA_Christchurch,148806.8448
2022-01-05,CA_Christchurch,148663.4707
2022-01-06,CA_Christchurch,155288.4318
2022-01-07,CA_Christchurch,148405.8444
2022-01-08,CA_Christchurch,151091.9311
2022-01-09,CA_Christchurch,150813.8007
2022-01-10,CA_Christchurch,151869.2471
2022-01-11,CA_Christchurch,148969.1461
2022-01-12,CA_Christchurch,145280.0419
2022-01-13,CA_Christchurch,140203.6754
2022-01-14,CA_Christchurch,140004.8848
2022-01-15,CA_Christchurch,140608.7772
2022-01-16,CA_Christchurch,142221.8245
2022-01-17,CA_Christchurch,141926.3153
2022-01-18,CA_Christchurch,139395.4642
2022-01-19,CA_Christchurch,139829.9967
2022-01-20,CA_Christchurch,142632.1716
2022-01-21,CA_Christchurch,143032.0305
2022-01-22,CA_Christchurch,135831.5374
2022-01-23,CA_Christchurch,139142.3814
2022-01-24,CA_Christchurch,141108.3354
2022-01-25,CA_Christchurch,141154.9766
2022-01-26,CA_Christchurch,135552.6224
2022-01-27,CA_Christchurch,148638.1269
2022-01-28,CA_Christchurch,138416.6956
2022-01-29,CA_Christchurch,132315.6111
2022-01-30,CA_Christchurch,135303.0365
2022-01-31,CA_Christchurch,140569.8898
2022-02-01,CA_Christchurch,138679.8416
2022-02-02,CA_Christchurch,138240.2953
2022-02-03,CA_Christchurch,140375.4536
2022-02-04,CA_Christchurch,135659.2664
2022-02-05,CA_Christchurch,148968.2724
2022-02-06,CA_Christchurch,215492.1846
2022-02-07,CA_Christchurch,190435.5864
2022-02-08,CA_Christchurch,140738.9717
2022-02-09,CA_Christchurch,129699.2616
2022-02-10,CA_Christchurch,163301.5187
2022-02-11,CA_Christchurch,284159.5651
2022-02-12,CA_Christchurch,197700.1278
2022-02-13,CA_Christchurch,256922.095
2022-02-14,CA_Christchurch,439918.9989
2022-02-15,CA_Christchurch,270235.5231
2022-02-16,CA_Christchurch,220784.6159
2022-02-17,CA_Christchurch,205596.3445
2022-02-18,CA_Christchurch,194891.2431
2022-02-19,CA_Christchurch,193166.3385
2022-02-20,CA_Christchurch,190336.2014
2022-02-21,CA_Christchurch,178601.5337
2022-02-22,CA_Christchurch,165093.6234
2022-02-23,CA_Christchurch,168483.1055
2022-02-24,CA_Christchurch,149354.9191
2022-02-25,CA_Christchurch,151686.3984
2022-02-26,CA_Christchurch,151203.1078
2022-02-27,CA_Christchurch,147116.9121
2022-02-28,CA_Christchurch,134883.2599
2022-03-01,CA_Christchurch,150387.4837
2022-03-02,CA_Christchurch,138949.2507
2022-03-03,CA_Christchurch,139417.0841
2022-03-04,CA_Christchurch,136504.9926
2022-03-05,CA_Christchurch,136063.1351
2022-03-06,CA_Christchurch,141690.4532
2022-03-07,CA_Christchurch,144021.4472
2022-03-08,CA_Christchurch,133594.5255
2022-03-09,CA_Christchurch,135615.0938
2022-03-10,CA_Christchurch,139866.4536
2022-03-11,CA_Christchurch,131293.6757
2022-03-12,CA_Christchurch,136799.9281
2022-03-13,CA_Christchurch,137245.2877
2022-03-14,CA_Christchurch,127246.0811
2022-03-15,CA_Christchurch,128222.1766
2022-03-16,CA_Christchurch,128532.2308
2022-03-17,CA_Christchurch,131076.0049
2022-03-18,CA_Christchurch,132754.5024
2022-03-19,CA_Christchurch,131455.5947
2022-03-20,CA_Christchurch,133859.2289
2022-03-21,CA_Christchurch,133836.7506
2022-03-22,CA_Christchurch,145180.9454
2022-03-23,CA_Christchurch,199241.8868
2022-03-24,CA_Christchurch,156315.3444
2022-03-25,CA_Christchurch,161653.6286
2022-03-26,CA_Christchurch,150883.4239
2022-03-27,CA_Christchurch,148337.3687
2022-03-28,CA_Christchurch,138349.3392
2022-03-29,CA_Christchurch,134784.5068
2022-03-30,CA_Christchurch,138351.6945
2022-03-31,CA_Christchurch,141485.3133
2022-04-01,CA_Christchurch,153120.677
2022-04-02,CA_Christchurch,143333.3044
2022-04-03,CA_Christchurch,131959.8031
2022-04-03,CA_Christchurch,146104.3192
2022-04-04,CA_Christchurch,129654.0121
2022-04-05,CA_Christchurch,137796.1181
2022-04-06,CA_Christchurch,153897.4199
2022-04-07,CA_Christchurch,168112.2924
2022-04-08,CA_Christchurch,163188.6114
2022-04-09,CA_Christchurch,152598.6497
2022-04-10,CA_Christchurch,141472.9401
2022-04-11,CA_Christchurch,140582.8247
2022-04-12,CA_Christchurch,142211.8351
2022-04-13,CA_Christchurch,144704.25
2022-04-14,CA_Christchurch,144541.865
2022-04-15,CA_Christchurch,133497.0298
2022-04-16,CA_Christchurch,122882.0278
2022-04-17,CA_Christchurch,125030.9296
2022-04-18,CA_Christchurch,130335.1934
2022-04-19,CA_Christchurch,131144.5349
2022-04-20,CA_Christchurch,138497.2357
2022-04-21,CA_Christchurch,138372.7156
2022-04-22,CA_Christchurch,129562.146
2022-04-23,CA_Christchurch,136574.6716
2022-04-24,CA_Christchurch,129955.8598
2022-04-25,CA_Christchurch,132509.029
2022-04-26,CA_Christchurch,132168.1891
2022-04-27,CA_Christchurch,133363.2077
2022-04-28,CA_Christchurch,140413.3148
2022-04-29,CA_Christchurch,149628.1439
2022-04-30,CA_Christchurch,146681.2733
2022-05-01,CA_Christchurch,141559.04810000001
2022-05-02,CA_Christchurch,140640.3804
2022-05-03,CA_Christchurch,149133.364
2022-05-04,CA_Christchurch,145728.678
2022-05-05,CA_Christchurch,146061.7962
2022-05-06,CA_Christchurch,150740.0753
2022-05-07,CA_Christchurch,145876.8062
2022-05-08,CA_Christchurch,139418.1564
2022-05-09,CA_Christchurch,149942.6187
2022-05-10,CA_Christchurch,164054.8516
2022-05-11,CA_Christchurch,157796.8838
2022-05-12,CA_Christchurch,151993.729
2022-05-13,CA_Christchurch,151566.8539
2022-05-14,CA_Christchurch,148387.3787
2022-05-15,CA_Christchurch,140645.3779
2022-05-16,CA_Christchurch,163310.7335
2022-05-17,CA_Christchurch,156448.5933
2022-05-18,CA_Christchurch,155105.6103
2022-05-19,CA_Christchurch,154425.5803
2022-05-20,CA_Christchurch,157037.4154
2022-05-21,CA_Christchurch,148327.3399
2022-05-22,CA_Christchurch,142458.3536
2022-05-23,CA_Christchurch,145221.0137
2022-05-24,CA_Christchurch,152021.5265
2022-05-25,CA_Christchurch,153541.1219
2022-05-26,CA_Christchurch,156796.5211
2022-05-27,CA_Christchurch,173635.5394
2022-05-28,CA_Christchurch,180142.5773
2022-05-29,CA_Christchurch,166730.0306
2022-05-30,CA_Christchurch,163694.6908
2022-05-31,CA_Christchurch,158433.7789
2022-06-01,CA_Christchurch,156904.2239
2022-06-02,CA_Christchurch,155624.1923
2022-06-03,CA_Christchurch,171217.8193
2022-06-04,CA_Christchurch,147248.0089
2022-06-05,CA_Christchurch,131983.9116
2022-06-06,CA_Christchurch,138659.7875
2022-06-07,CA_Christchurch,138122.352
2022-06-08,CA_Christchurch,147135.4657
2022-06-09,CA_Christchurch,151813.7211
2022-06-10,CA_Christchurch,152910.3833
2022-06-11,CA_Christchurch,149645.3085
2022-06-12,CA_Christchurch,141089.5797
2022-06-13,CA_Christchurch,158195.6734
2022-06-14,CA_Christchurch,152913.4507
2022-06-15,CA_Christchurch,153138.9676
2022-06-16,CA_Christchurch,149309.2092
2022-06-17,CA_Christchurch,148118.4394
2022-06-18,CA_Christchurch,146442.3291
2022-06-19,CA_Christchurch,143271.9123
2022-06-20,CA_Christchurch,158412.3181
2022-06-21,CA_Christchurch,160358.6521
2022-06-22,CA_Christchurch,153694.4735
2022-06-23,CA_Christchurch,151799.6637
2022-06-24,CA_Christchurch,143004.2383
2022-06-25,CA_Christchurch,134104.1251
2022-06-26,CA_Christchurch,134501.4118
2022-06-27,CA_Christchurch,134553.0668
2022-06-28,CA_Christchurch,82248.33214
2022-06-29,CA_Christchurch,126119.7657
2022-06-30,CA_Christchurch,168093.1863
2022-07-01,CA_Christchurch,169318.4008
2022-07-02,CA_Christchurch,156250.6678
2022-07-03,CA_Christchurch,152320.2121
2022-07-04,CA_Christchurch,152706.3948
2022-07-05,CA_Christchurch,155599.1655
2022-07-06,CA_Christchurch,159064.4719
2022-07-07,CA_Christchurch,145572.3271
2022-07-08,CA_Christchurch,242347.8248
2022-07-09,CA_Christchurch,236397.3338
2022-07-10,CA_Christchurch,211789.9667
2022-07-11,CA_Christchurch,174165.7096
2022-07-12,CA_Christchurch,511332.9485
2022-07-13,CA_Christchurch,474330.5428
2022-07-14,CA_Christchurch,302041.6055
2022-07-15,CA_Christchurch,271395.9582
2022-07-16,CA_Christchurch,237004.9308
2022-07-17,CA_Christchurch,214410.5391
2022-07-18,CA_Christchurch,212785.8588
2022-07-19,CA_Christchurch,178863.7093
2022-07-20,CA_Christchurch,177317.3018
2022-07-21,CA_Christchurch,495548.204
2022-07-22,CA_Christchurch,368105.9461
2022-07-23,CA_Christchurch,260059.2155
2022-07-24,CA_Christchurch,230643.6853
2022-07-25,CA_Christchurch,241049.4155
2022-07-26,CA_Christchurch,627813.2347
2022-07-27,CA_Christchurch,600078.6238
2022-07-28,CA_Christchurch,372303.3202
2022-07-29,CA_Christchurch,299731.1361
2022-07-30,CA_Christchurch,282318.0381
2022-07-31,CA_Christchurch,492332.1081
2022-08-01,CA_Christchurch,391145.6963
2022-08-03,CA_Christchurch,NA
2022-08-08,CA_Christchurch,NA
2022-08-10,CA_Christchurch,NA
2022-08-15,CA_Christchurch,NA
2022-08-17,CA_Christchurch,NA
2022-08-22,CA_Christchurch,NA
2022-08-24,CA_Christchurch,NA
2022-08-29,CA_Christchurch,NA
2022-08-31,CA_Christchurch,NA
2022-09-05,CA_Christchurch,NA
2022-09-06,CA_Christchurch,NA
2022-09-14,CA_Christchurch,NA
2022-09-19,CA_Christchurch,NA
2022-09-21,CA_Christchurch,NA
2022-09-27,CA_Christchurch,NA
2022-10-03,CA_Christchurch,NA
2022-10-05,CA_Christchurch,NA
2022-01-01,WG_Karori,3229.733422
2022-01-02,WG_Karori,3405.686482
2022-01-03,WG_Karori,3198.376927
2022-01-04,WG_Karori,3376.357834
2022-01-05,WG_Karori,3255.364662
2022-01-06,WG_Karori,3170.219872
2022-01-07,WG_Karori,3252.379604
2022-01-08,WG_Karori,3385.945379
2022-01-09,WG_Karori,3359.303947
2022-01-10,WG_Karori,3516.461297
2022-01-11,WG_Karori,3051.218542
2022-01-12,WG_Karori,3287.959466
2022-01-13,WG_Karori,3204.50044
2022-01-14,WG_Karori,2961.50929
2022-01-15,WG_Karori,3314.361265
2022-01-16,WG_Karori,3504.433151
2022-01-17,WG_Karori,3153.768389
2022-01-18,WG_Karori,3118.419966
2022-01-19,WG_Karori,3172.754161
2022-01-20,WG_Karori,3154.786723
2022-01-21,WG_Karori,2863.347889
2022-01-22,WG_Karori,3221.658385
2022-01-23,WG_Karori,3102.683292
2022-01-24,WG_Karori,3300.491126
2022-01-25,WG_Karori,3171.987741
2022-01-26,WG_Karori,3450.826845
2022-01-27,WG_Karori,3742.4207
2022-01-28,WG_Karori,3092.315774
2022-01-29,WG_Karori,3161.88555
2022-01-30,WG_Karori,3555.377875
2022-01-31,WG_Karori,3084.933182
2022-02-01,WG_Karori,3168.19241
2022-02-02,WG_Karori,3070.604967
2022-02-03,WG_Karori,3124.915647
2022-02-04,WG_Karori,7842.99806
2022-02-05,WG_Karori,14091.04435
2022-02-06,WG_Karori,11982.30403
2022-02-07,WG_Karori,5793.106067
2022-02-08,WG_Karori,4591.139435
2022-02-09,WG_Karori,4573.584701
2022-02-10,WG_Karori,4068.349987
2022-02-11,WG_Karori,4090.903585
2022-02-12,WG_Karori,14805.94186
2022-02-13,WG_Karori,17295.30612
2022-02-14,WG_Karori,12955.17055
2022-02-15,WG_Karori,9139.975338
2022-02-16,WG_Karori,7168.098396
2022-02-17,WG_Karori,5922.939312
2022-02-18,WG_Karori,5062.844857
2022-02-19,WG_Karori,9213.712263
2022-02-20,WG_Karori,10129.6663
2022-02-21,WG_Karori,7253.049968
2022-02-22,WG_Karori,5511.859792
2022-02-23,WG_Karori,4949.188687
2022-02-24,WG_Karori,4609.387446
2022-02-25,WG_Karori,4176.364701
2022-02-26,WG_Karori,4405.732137
2022-02-27,WG_Karori,4410.381997
2022-02-28,WG_Karori,4190.569918
2022-03-01,WG_Karori,3803.449721
2022-03-02,WG_Karori,3625.008069
2022-03-03,WG_Karori,3923.778811
2022-03-04,WG_Karori,3604.397193
2022-03-05,WG_Karori,3892.918275
2022-03-06,WG_Karori,3987.655547
2022-03-07,WG_Karori,3649.737008
2022-03-08,WG_Karori,3632.511823
2022-03-09,WG_Karori,3622.832117
2022-03-10,WG_Karori,3583.816614
2022-03-11,WG_Karori,3366.013174
2022-03-12,WG_Karori,3635.678497
2022-03-13,WG_Karori,3890.44627
2022-03-14,WG_Karori,3381.513063
2022-03-15,WG_Karori,3517.723924
2022-03-16,WG_Karori,3465.146124
2022-03-17,WG_Karori,3420.279545
2022-03-18,WG_Karori,3183.331505
2022-03-19,WG_Karori,3689.796234
2022-03-20,WG_Karori,3687.260841
2022-03-21,WG_Karori,3781.3033139999998
2022-03-22,WG_Karori,4040.755239
2022-03-23,WG_Karori,3600.047268
2022-03-24,WG_Karori,4948.828926
2022-03-25,WG_Karori,3632.217435
2022-03-26,WG_Karori,3708.35894
2022-03-27,WG_Karori,3880.267254
2022-03-28,WG_Karori,3637.725131
2022-03-29,WG_Karori,3949.889817
2022-03-30,WG_Karori,3637.094181
2022-03-31,WG_Karori,3584.172737
2022-04-01,WG_Karori,3269.807733
2022-04-02,WG_Karori,3580.974757
2022-04-03,WG_Karori,3963.820134
2022-04-04,WG_Karori,3360.876678
2022-04-05,WG_Karori,3399.812343
2022-04-06,WG_Karori,4651.874565
2022-04-07,WG_Karori,3587.422062
2022-04-08,WG_Karori,3138.423137
2022-04-09,WG_Karori,3400.659761
2022-04-10,WG_Karori,3806.594335
2022-04-11,WG_Karori,3368.738745
2022-04-12,WG_Karori,5118.392319
2022-04-13,WG_Karori,3890.373318
2022-04-14,WG_Karori,3161.363283
2022-04-15,WG_Karori,3404.442089
2022-04-16,WG_Karori,3257.70166
2022-04-17,WG_Karori,3187.356956
2022-04-18,WG_Karori,3422.448663
2022-04-19,WG_Karori,3467.286208
2022-04-20,WG_Karori,3328.217187
2022-04-21,WG_Karori,4578.314545
2022-04-22,WG_Karori,3392.61437
2022-04-23,WG_Karori,3381.675704
2022-04-24,WG_Karori,3581.789731
2022-04-25,WG_Karori,3597.563593
2022-04-26,WG_Karori,3353.1955
2022-04-27,WG_Karori,3286.378168
2022-04-28,WG_Karori,3298.900634
2022-04-29,WG_Karori,2956.592529
2022-04-30,WG_Karori,3352.619658
2022-05-01,WG_Karori,3718.621282
2022-05-02,WG_Karori,3288.770049
2022-05-03,WG_Karori,3101.675486
2022-05-04,WG_Karori,3105.810852
2022-05-05,WG_Karori,3298.284749
2022-05-06,WG_Karori,2860.375813
2022-05-07,WG_Karori,3309.342539
2022-05-08,WG_Karori,3568.189459
2022-05-09,WG_Karori,5367.642962
2022-05-10,WG_Karori,4099.574598
2022-05-11,WG_Karori,3386.650063
2022-05-12,WG_Karori,3292.304073
2022-05-13,WG_Karori,2986.191519
2022-05-14,WG_Karori,3579.41783
2022-05-15,WG_Karori,4646.624852
2022-05-16,WG_Karori,3577.152252
2022-05-17,WG_Karori,3545.13799
2022-05-18,WG_Karori,3465.9398
2022-05-19,WG_Karori,3558.599839
2022-05-20,WG_Karori,3382.854717
2022-05-21,WG_Karori,3591.116209
2022-05-22,WG_Karori,3855.252223
2022-05-23,WG_Karori,3343.634214
2022-05-24,WG_Karori,3401.7203
2022-05-25,WG_Karori,3263.422529
2022-05-26,WG_Karori,3449.685829
2022-05-27,WG_Karori,3214.966612
2022-05-28,WG_Karori,3482.375937
2022-05-29,WG_Karori,3789.280292
2022-05-30,WG_Karori,6160.710871
2022-05-31,WG_Karori,5628.171725
2022-06-01,WG_Karori,10923
2022-06-02,WG_Karori,8786
2022-06-03,WG_Karori,7794
2022-06-04,WG_Karori,5195
2022-06-05,WG_Karori,4590
2022-06-06,WG_Karori,4641
2022-06-07,WG_Karori,4667
2022-06-08,WG_Karori,5008
2022-06-09,WG_Karori,7487
2022-06-10,WG_Karori,6296
2022-06-11,WG_Karori,5604
2022-06-12,WG_Karori,9282
2022-06-13,WG_Karori,5889
2022-06-14,WG_Karori,4777
2022-06-15,WG_Karori,4359
2022-06-16,WG_Karori,3943
2022-06-17,WG_Karori,3946
2022-06-18,WG_Karori,5017
2022-06-19,WG_Karori,5529
2022-06-20,WG_Karori,4539
2022-06-21,WG_Karori,4269
2022-06-22,WG_Karori,4175
2022-06-23,WG_Karori,3707
2022-06-24,WG_Karori,4002
2022-06-25,WG_Karori,3816
2022-06-26,WG_Karori,4231
2022-06-27,WG_Karori,3674
2022-06-28,WG_Karori,6576
2022-06-29,WG_Karori,4539
2022-06-30,WG_Karori,4536
2022-07-01,WG_Karori,3936
2022-07-02,WG_Karori,4014
2022-07-03,WG_Karori,4527
2022-07-04,WG_Karori,3824
2022-07-05,WG_Karori,3803
2022-07-06,WG_Karori,3532
2022-07-07,WG_Karori,4361
2022-07-08,WG_Karori,7296
2022-07-09,WG_Karori,5786
2022-07-10,WG_Karori,5318
2022-07-11,WG_Karori,7250
2022-07-12,WG_Karori,11779
2022-07-13,WG_Karori,6442
2022-07-14,WG_Karori,5100
2022-07-15,WG_Karori,5463
2022-07-16,WG_Karori,4811
2022-07-17,WG_Karori,4730
2022-07-18,WG_Karori,4229
2022-07-19,WG_Karori,8663
2022-07-20,WG_Karori,15300
2022-07-21,WG_Karori,12688
2022-07-22,WG_Karori,8811
2022-07-23,WG_Karori,6502
2022-07-24,WG_Karori,6312
2022-07-25,WG_Karori,9551
2022-07-26,WG_Karori,9717
2022-07-27,WG_Karori,8779
2022-07-28,WG_Karori,6382
2022-07-29,WG_Karori,2172
2022-07-30,WG_Karori,13970
2022-07-31,WG_Karori,13050
2022-08-01,WG_Karori,NA
2022-08-03,WG_Karori,NA
2022-08-08,WG_Karori,NA
2022-08-10,WG_Karori,NA
2022-08-15,WG_Karori,NA
2022-08-17,WG_Karori,NA
2022-08-22,WG_Karori,NA
2022-08-24,WG_Karori,NA
2022-08-29,WG_Karori,NA
2022-08-31,WG_Karori,NA
2022-09-05,WG_Karori,NA
2022-09-07,WG_Karori,NA
2022-09-12,WG_Karori,NA
2022-09-14,WG_Karori,NA
2022-09-19,WG_Karori,NA
2022-09-21,WG_Karori,NA
2022-09-27,WG_Karori,NA
2022-09-29,WG_Karori,NA
2022-10-04,WG_Karori,NA
2022-10-06,WG_Karori,NA
2022-01-01,WG_MoaPoint,53866.27357
2022-01-02,WG_MoaPoint,53746.75734
2022-01-03,WG_MoaPoint,55337.25864
2022-01-04,WG_MoaPoint,57443.78071
2022-01-05,WG_MoaPoint,62859.51404
2022-01-06,WG_MoaPoint,60510.92054
2022-01-07,WG_MoaPoint,59754.32783
2022-01-08,WG_MoaPoint,57441.49367
2022-01-09,WG_MoaPoint,55880.29643
2022-01-10,WG_MoaPoint,61805.20205
2022-01-11,WG_MoaPoint,64442.64025
2022-01-12,WG_MoaPoint,60678.88213
2022-01-13,WG_MoaPoint,60820.73196
2022-01-14,WG_MoaPoint,60133.34801
2022-01-15,WG_MoaPoint,58264.77317
2022-01-16,WG_MoaPoint,57225.50953
2022-01-17,WG_MoaPoint,62881.44183
2022-01-18,WG_MoaPoint,61765.27324
2022-01-19,WG_MoaPoint,65057.32032
2022-01-20,WG_MoaPoint,64398.09047
2022-01-21,WG_MoaPoint,60934.02564
2022-01-22,WG_MoaPoint,57948.34631
2022-01-23,WG_MoaPoint,55208.64472
2022-01-24,WG_MoaPoint,57712.72538
2022-01-25,WG_MoaPoint,63195.86649
2022-01-26,WG_MoaPoint,66503.06133
2022-01-27,WG_MoaPoint,63382.34037
2022-01-28,WG_MoaPoint,59314.03036
2022-01-29,WG_MoaPoint,56750.19798
2022-01-30,WG_MoaPoint,58927.77006
2022-01-31,WG_MoaPoint,61634.20308
2022-02-01,WG_MoaPoint,63898.31341
2022-02-02,WG_MoaPoint,62992.61681
2022-02-03,WG_MoaPoint,62879.92497
2022-02-04,WG_MoaPoint,123475.0382
2022-02-05,WG_MoaPoint,171224.8162
2022-02-06,WG_MoaPoint,120174.5993
2022-02-07,WG_MoaPoint,74937.07739
2022-02-08,WG_MoaPoint,69916.81628
2022-02-09,WG_MoaPoint,77666.36864
2022-02-10,WG_MoaPoint,70699.62473
2022-02-11,WG_MoaPoint,75083.61474
2022-02-12,WG_MoaPoint,239695.7403
2022-02-13,WG_MoaPoint,258607.209
2022-02-14,WG_MoaPoint,139531.241
2022-02-15,WG_MoaPoint,96434.04963
2022-02-16,WG_MoaPoint,84620.42832
2022-02-17,WG_MoaPoint,77927.89916
2022-02-18,WG_MoaPoint,75894.57007
2022-02-19,WG_MoaPoint,123141.1678
2022-02-20,WG_MoaPoint,136803.0305
2022-02-21,WG_MoaPoint,89788.05628
2022-02-22,WG_MoaPoint,79013.63296
2022-02-23,WG_MoaPoint,76440.90298
2022-02-24,WG_MoaPoint,75515.50454
2022-02-25,WG_MoaPoint,73155.0454
2022-02-26,WG_MoaPoint,68948.56294
2022-02-27,WG_MoaPoint,68338.51799
2022-02-28,WG_MoaPoint,69646.58729
2022-03-01,WG_MoaPoint,68174.56792
2022-03-02,WG_MoaPoint,65598.53591
2022-03-03,WG_MoaPoint,64926.39235
2022-03-04,WG_MoaPoint,65003.53356
2022-03-05,WG_MoaPoint,65405.00625
2022-03-06,WG_MoaPoint,64902.02941
2022-03-07,WG_MoaPoint,65312.1896
2022-03-08,WG_MoaPoint,66320.84929
2022-03-09,WG_MoaPoint,64888.0219
2022-03-10,WG_MoaPoint,66666.72481
2022-03-11,WG_MoaPoint,66573.00159
2022-03-12,WG_MoaPoint,63107.82542
2022-03-13,WG_MoaPoint,60314.89573
2022-03-14,WG_MoaPoint,60182.99367
2022-03-15,WG_MoaPoint,62295.83206
2022-03-16,WG_MoaPoint,60959.69275
2022-03-17,WG_MoaPoint,64488.69625
2022-03-18,WG_MoaPoint,63042.55142
2022-03-19,WG_MoaPoint,63254.18449
2022-03-20,WG_MoaPoint,64527.97474
2022-03-21,WG_MoaPoint,72380.46825
2022-03-22,WG_MoaPoint,80576.7
2022-03-23,WG_MoaPoint,71062.8
2022-03-24,WG_MoaPoint,90248.1
2022-03-25,WG_MoaPoint,75018.3
2022-03-26,WG_MoaPoint,66731.1
2022-03-27,WG_MoaPoint,65481.3
2022-03-28,WG_MoaPoint,64896.3
2022-03-29,WG_MoaPoint,72352.8
2022-03-30,WG_MoaPoint,69386.7
2022-03-31,WG_MoaPoint,73479.6
2022-04-01,WG_MoaPoint,63341.7
2022-04-02,WG_MoaPoint,63850.8
2022-04-03,WG_MoaPoint,62215.8
2022-04-04,WG_MoaPoint,62216.7
2022-04-05,WG_MoaPoint,66882.3
2022-04-06,WG_MoaPoint,83027.1
2022-04-07,WG_MoaPoint,65420.4
2022-04-08,WG_MoaPoint,64519.2
2022-04-09,WG_MoaPoint,58968.3
2022-04-10,WG_MoaPoint,60212.1
2022-04-11,WG_MoaPoint,63656.7
2022-04-12,WG_MoaPoint,81656.7
2022-04-13,WG_MoaPoint,66104.7
2022-04-14,WG_MoaPoint,62595.9
2022-04-15,WG_MoaPoint,57432
2022-04-16,WG_MoaPoint,54702.6
2022-04-17,WG_MoaPoint,51505.2
2022-04-18,WG_MoaPoint,57017.1
2022-04-19,WG_MoaPoint,61944
2022-04-20,WG_MoaPoint,61792.8
2022-04-21,WG_MoaPoint,85272.75737
2022-04-22,WG_MoaPoint,70734.58424
2022-04-23,WG_MoaPoint,63094.1027
2022-04-24,WG_MoaPoint,64119.11631
2022-04-25,WG_MoaPoint,64312.77816
2022-04-26,WG_MoaPoint,65319.66619
2022-04-27,WG_MoaPoint,62692.38441
2022-04-28,WG_MoaPoint,59851.8
2022-04-29,WG_MoaPoint,59081.1
2022-04-30,WG_MoaPoint,58185.3
2022-05-01,WG_MoaPoint,57575.1
2022-05-02,WG_MoaPoint,61872
2022-05-03,WG_MoaPoint,60252.3
2022-05-04,WG_MoaPoint,62051.7
2022-05-05,WG_MoaPoint,61193.4
2022-05-06,WG_MoaPoint,59894.4
2022-05-07,WG_MoaPoint,60756
2022-05-08,WG_MoaPoint,59082.9
2022-05-09,WG_MoaPoint,84493.8
2022-05-10,WG_MoaPoint,67010.79327
2022-05-11,WG_MoaPoint,63740.8105
2022-05-12,WG_MoaPoint,62781.05433
2022-05-13,WG_MoaPoint,59773.731
2022-05-14,WG_MoaPoint,64119.16384
2022-05-15,WG_MoaPoint,74618.9178
2022-05-16,WG_MoaPoint,67515.87805
2022-05-17,WG_MoaPoint,70707.02466
2022-05-18,WG_MoaPoint,68985.3416
2022-05-19,WG_MoaPoint,73174.6189
2022-05-20,WG_MoaPoint,100424.8276
2022-05-21,WG_MoaPoint,71953.70617
2022-05-22,WG_MoaPoint,69820.58996
2022-05-23,WG_MoaPoint,66314.81003
2022-05-24,WG_MoaPoint,67674.81618
2022-05-25,WG_MoaPoint,65983.23554
2022-05-26,WG_MoaPoint,63237.50261
2022-05-27,WG_MoaPoint,61107.719469999996
2022-05-28,WG_MoaPoint,60604.78167
2022-05-29,WG_MoaPoint,60028.13549
2022-05-30,WG_MoaPoint,97470.10875
2022-05-31,WG_MoaPoint,86850.88261
2022-06-01,WG_MoaPoint,142498.9703
2022-06-02,WG_MoaPoint,124145.1027
2022-06-03,WG_MoaPoint,90366.77451
2022-06-04,WG_MoaPoint,75428.04534
2022-06-05,WG_MoaPoint,72185.52613
2022-06-06,WG_MoaPoint,65380.60058
2022-06-07,WG_MoaPoint,75510.31638
2022-06-08,WG_MoaPoint,82164.04742
2022-06-09,WG_MoaPoint,121527.945
2022-06-10,WG_MoaPoint,107360.0213
2022-06-11,WG_MoaPoint,91684.57288
2022-06-12,WG_MoaPoint,130231.2876
2022-06-13,WG_MoaPoint,103162.9088
2022-06-14,WG_MoaPoint,83126.22167
2022-06-15,WG_MoaPoint,75090.05406
2022-06-16,WG_MoaPoint,71674.15794
2022-06-17,WG_MoaPoint,67044.39437
2022-06-18,WG_MoaPoint,74057.97351
2022-06-19,WG_MoaPoint,75819.27655
2022-06-20,WG_MoaPoint,71207.21929
2022-06-21,WG_MoaPoint,70391.96578
2022-06-22,WG_MoaPoint,67272.01331
2022-06-23,WG_MoaPoint,66170.7034
2022-06-24,WG_MoaPoint,61887.01795
2022-06-25,WG_MoaPoint,62256.54672
2022-06-26,WG_MoaPoint,63477.31285
2022-06-27,WG_MoaPoint,1509.300311
2022-06-28,WG_MoaPoint,NA
2022-06-29,WG_MoaPoint,NA
2022-06-30,WG_MoaPoint,NA
2022-07-01,WG_MoaPoint,64899.01508
2022-07-02,WG_MoaPoint,63410.69965
2022-07-03,WG_MoaPoint,62079.02913
2022-07-04,WG_MoaPoint,63246.65821
2022-07-05,WG_MoaPoint,65034.74619
2022-07-06,WG_MoaPoint,61832.51135
2022-07-07,WG_MoaPoint,66158.91928
2022-07-08,WG_MoaPoint,110873.8128
2022-07-09,WG_MoaPoint,82015.19119
2022-07-10,WG_MoaPoint,69505.13269
2022-07-11,WG_MoaPoint,93754.2
2022-07-12,WG_MoaPoint,156038.2017
2022-07-13,WG_MoaPoint,91777.81166
2022-07-14,WG_MoaPoint,80794.66248
2022-07-15,WG_MoaPoint,86465.66905
2022-07-16,WG_MoaPoint,75515.11155
2022-07-17,WG_MoaPoint,69631.89896
2022-07-18,WG_MoaPoint,70204.87462
2022-07-19,WG_MoaPoint,109101.8435
2022-07-20,WG_MoaPoint,158118.4258
2022-07-21,WG_MoaPoint,166879.5616
2022-07-22,WG_MoaPoint,95654.0783
2022-07-23,WG_MoaPoint,79354.17755
2022-07-24,WG_MoaPoint,74864.69343
2022-07-25,WG_MoaPoint,115461.4203
2022-07-26,WG_MoaPoint,126464.9463
2022-07-27,WG_MoaPoint,126173.7029
2022-07-28,WG_MoaPoint,102749.3115
2022-07-29,WG_MoaPoint,83215.16946
2022-07-30,WG_MoaPoint,165573.098
2022-07-31,WG_MoaPoint,152768.8652
2022-08-01,WG_MoaPoint,NA
2022-08-03,WG_MoaPoint,NA
2022-08-05,WG_MoaPoint,NA
2022-08-08,WG_MoaPoint,NA
2022-08-10,WG_MoaPoint,NA
2022-08-12,WG_MoaPoint,NA
2022-08-15,WG_MoaPoint,NA
2022-08-17,WG_MoaPoint,NA
2022-08-19,WG_MoaPoint,NA
2022-08-22,WG_MoaPoint,NA
2022-08-24,WG_MoaPoint,NA
2022-08-26,WG_MoaPoint,NA
2022-08-29,WG_MoaPoint,NA
2022-08-31,WG_MoaPoint,NA
2022-09-02,WG_MoaPoint,NA
2022-09-05,WG_MoaPoint,NA
2022-09-07,WG_MoaPoint,NA
2022-09-09,WG_MoaPoint,NA
2022-09-12,WG_MoaPoint,NA
2022-09-14,WG_MoaPoint,NA
2022-09-16,WG_MoaPoint,NA
2022-09-19,WG_MoaPoint,NA
2022-09-21,WG_MoaPoint,NA
2022-09-23,WG_MoaPoint,NA
2022-09-27,WG_MoaPoint,NA
2022-09-29,WG_MoaPoint,NA
2022-10-04,WG_MoaPoint,NA
2022-10-06,WG_MoaPoint,NA
2022-01-02,WG_Seaview,49225.7586
2022-01-03,WG_Seaview,51839.81667
2022-01-04,WG_Seaview,50992.63169
2022-01-05,WG_Seaview,51264.47132
2022-01-06,WG_Seaview,45799.21226
2022-01-07,WG_Seaview,48008.23028
2022-01-08,WG_Seaview,45519.74697
2022-01-09,WG_Seaview,45425.73739
2022-01-10,WG_Seaview,50247.85606
2022-01-11,WG_Seaview,50542.02996
2022-01-12,WG_Seaview,47594.57447
2022-01-13,WG_Seaview,46082.26198
2022-01-14,WG_Seaview,48707.82368
2022-01-15,WG_Seaview,46455.63477
2022-01-16,WG_Seaview,47434.29615
2022-01-17,WG_Seaview,49075.12309
2022-01-18,WG_Seaview,45999.87467
2022-01-19,WG_Seaview,48273.27607
2022-01-20,WG_Seaview,44184.85217
2022-01-21,WG_Seaview,47047.02377
2022-01-22,WG_Seaview,45337.21004
2022-01-23,WG_Seaview,45081.45994
2022-01-24,WG_Seaview,47350.57984
2022-01-25,WG_Seaview,48036.79005
2022-01-26,WG_Seaview,47625.97007
2022-01-27,WG_Seaview,47152.15987
2022-01-28,WG_Seaview,46225.01444
2022-01-29,WG_Seaview,43757.66365
2022-01-30,WG_Seaview,47776.74008
2022-01-31,WG_Seaview,48660.78294
2022-02-01,WG_Seaview,46929.08202
2022-02-02,WG_Seaview,47605.05106
2022-02-03,WG_Seaview,44915.77195
2022-02-04,WG_Seaview,81840.74661
2022-02-05,WG_Seaview,140754.9302
2022-02-06,WG_Seaview,113672.922
2022-02-07,WG_Seaview,70140.81725
2022-02-08,WG_Seaview,58541.96757
2022-02-09,WG_Seaview,60144.65422
2022-02-10,WG_Seaview,57693.37827
2022-02-11,WG_Seaview,59971.16348
2022-02-12,WG_Seaview,176851.0048
2022-02-13,WG_Seaview,200337.9749
2022-02-14,WG_Seaview,135367.7996
2022-02-15,WG_Seaview,102279.2728
2022-02-16,WG_Seaview,78361.97262
2022-02-17,WG_Seaview,70717.57714
2022-02-18,WG_Seaview,65868.81551
2022-02-19,WG_Seaview,87205.32748
2022-02-20,WG_Seaview,117605.0849
2022-02-21,WG_Seaview,77736.01111
2022-02-22,WG_Seaview,66116.26991
2022-02-23,WG_Seaview,65191.25428
2022-02-24,WG_Seaview,59599.65003
2022-02-25,WG_Seaview,60629.65802
2022-02-26,WG_Seaview,58008.81881
2022-02-27,WG_Seaview,56867.56233
2022-02-28,WG_Seaview,54230.41567
2022-03-01,WG_Seaview,52627.21576
2022-03-02,WG_Seaview,51140.94093
2022-03-03,WG_Seaview,51652.22788
2022-03-04,WG_Seaview,51196.16217
2022-03-05,WG_Seaview,53997.911
2022-03-06,WG_Seaview,52874.40552
2022-03-07,WG_Seaview,49542.87836
2022-03-08,WG_Seaview,50083.50064
2022-03-09,WG_Seaview,49809.52838
2022-03-10,WG_Seaview,54127.9399
2022-03-11,WG_Seaview,54732.57028
2022-03-12,WG_Seaview,48797.28944
2022-03-13,WG_Seaview,49462.73593
2022-03-14,WG_Seaview,49439.1092
2022-03-15,WG_Seaview,47651.68004
2022-03-16,WG_Seaview,48178.35913
2022-03-17,WG_Seaview,47660.73913
2022-03-18,WG_Seaview,48709.10369
2022-03-19,WG_Seaview,46832.34246
2022-03-20,WG_Seaview,51542.58321
2022-03-21,WG_Seaview,51897.68741
2022-03-22,WG_Seaview,53786.40478
2022-03-23,WG_Seaview,51249.74694
2022-03-24,WG_Seaview,82122.70168
2022-03-25,WG_Seaview,89465.42469
2022-03-26,WG_Seaview,61937.439659999996
2022-03-27,WG_Seaview,54009.94791
2022-03-28,WG_Seaview,51755.80873
2022-03-29,WG_Seaview,53162.9167
2022-03-30,WG_Seaview,51729.14853
2022-03-31,WG_Seaview,52116.38113
2022-04-01,WG_Seaview,51486.51783
2022-04-02,WG_Seaview,52675.37999
2022-04-03,WG_Seaview,52470.62696
2022-04-04,WG_Seaview,54410.59314
2022-04-05,WG_Seaview,55507.71362
2022-04-06,WG_Seaview,64040.9487
2022-04-07,WG_Seaview,56403.72458
2022-04-08,WG_Seaview,51162.91199
2022-04-09,WG_Seaview,51654.83756
2022-04-10,WG_Seaview,50139.8791
2022-04-11,WG_Seaview,49823.2861
2022-04-12,WG_Seaview,60826.54791
2022-04-13,WG_Seaview,51931.49323
2022-04-14,WG_Seaview,48969.92643
2022-04-15,WG_Seaview,46981.44007
2022-04-16,WG_Seaview,45910.38035
2022-04-17,WG_Seaview,46070.43212
2022-04-18,WG_Seaview,50570.9446
2022-04-19,WG_Seaview,48089.17393
2022-04-20,WG_Seaview,48865.78501
2022-04-21,WG_Seaview,69771.6102
2022-04-22,WG_Seaview,56965.81587
2022-04-23,WG_Seaview,54244.378
2022-04-24,WG_Seaview,50322.35061
2022-04-25,WG_Seaview,53655.48734
2022-04-26,WG_Seaview,49813.29829
2022-04-27,WG_Seaview,49865.49602
2022-04-28,WG_Seaview,49276.87539
2022-04-29,WG_Seaview,47344.6894
2022-04-30,WG_Seaview,49913.93727
2022-05-01,WG_Seaview,48429.83
2022-05-02,WG_Seaview,47462.98
2022-05-03,WG_Seaview,46939.08
2022-05-04,WG_Seaview,49014.06
2022-05-05,WG_Seaview,48032.67
2022-05-06,WG_Seaview,44370.6
2022-05-07,WG_Seaview,48437.94
2022-05-08,WG_Seaview,48155.81
2022-05-09,WG_Seaview,63128.67
2022-05-10,WG_Seaview,55625.94
2022-05-11,WG_Seaview,51649.21
2022-05-12,WG_Seaview,48661.31
2022-05-13,WG_Seaview,47986.8
2022-05-14,WG_Seaview,56560.07
2022-05-15,WG_Seaview,66039.61
2022-05-16,WG_Seaview,52455.71
2022-05-17,WG_Seaview,56248.09
2022-05-18,WG_Seaview,51546.64
2022-05-19,WG_Seaview,62659.29
2022-05-20,WG_Seaview,97328.87
2022-05-21,WG_Seaview,66179.96
2022-05-22,WG_Seaview,60679.29
2022-05-23,WG_Seaview,55810.08
2022-05-24,WG_Seaview,51507.41
2022-05-25,WG_Seaview,50569.11
2022-05-26,WG_Seaview,47228.93
2022-05-27,WG_Seaview,45925.76
2022-05-28,WG_Seaview,50106.65
2022-05-29,WG_Seaview,51252.83
2022-05-30,WG_Seaview,80438.89
2022-05-31,WG_Seaview,81424.38
2022-06-01,WG_Seaview,111509.09
2022-06-02,WG_Seaview,108334.23
2022-06-03,WG_Seaview,76409.59
2022-06-04,WG_Seaview,66692.26
2022-06-05,WG_Seaview,59885.26
2022-06-06,WG_Seaview,58884.64
2022-06-07,WG_Seaview,67060.96
2022-06-08,WG_Seaview,89053.4
2022-06-09,WG_Seaview,141136.32
2022-06-10,WG_Seaview,119599.65
2022-06-11,WG_Seaview,109891.21
2022-06-12,WG_Seaview,177962.38
2022-06-13,WG_Seaview,123895.91
2022-06-14,WG_Seaview,92778.24
2022-06-15,WG_Seaview,82558.99
2022-06-16,WG_Seaview,70011.14
2022-06-17,WG_Seaview,62457.17
2022-06-18,WG_Seaview,75394.79
2022-06-19,WG_Seaview,74566.94
2022-06-20,WG_Seaview,72557.25
2022-06-21,WG_Seaview,67268.25
2022-06-22,WG_Seaview,60822.74
2022-06-23,WG_Seaview,62030.51
2022-06-24,WG_Seaview,59189.54
2022-06-25,WG_Seaview,61626.8
2022-06-26,WG_Seaview,60147.14
2022-06-27,WG_Seaview,60242.17
2022-06-28,WG_Seaview,94398.44
2022-06-29,WG_Seaview,75415.49
2022-06-30,WG_Seaview,64311.35
2022-07-01,WG_Seaview,60327.58
2022-07-02,WG_Seaview,58371.18
2022-07-03,WG_Seaview,56993.69
2022-07-04,WG_Seaview,57099.18
2022-07-05,WG_Seaview,56255.84
2022-07-06,WG_Seaview,52006.84
2022-07-07,WG_Seaview,56745.26
2022-07-08,WG_Seaview,101476.58
2022-07-09,WG_Seaview,74395.2
2022-07-10,WG_Seaview,70364.39
2022-07-11,WG_Seaview,79896.68
2022-07-12,WG_Seaview,154245.58
2022-07-13,WG_Seaview,98587.2
2022-07-14,WG_Seaview,79502.06
2022-07-15,WG_Seaview,74136.02
2022-07-16,WG_Seaview,69559.41
2022-07-17,WG_Seaview,64363.43
2022-07-18,WG_Seaview,63721.68
2022-07-19,WG_Seaview,83692.74
2022-07-20,WG_Seaview,149509.14
2022-07-21,WG_Seaview,174194.46
2022-07-22,WG_Seaview,112619.67
2022-07-23,WG_Seaview,94825.14
2022-07-24,WG_Seaview,77894.46
2022-07-25,WG_Seaview,104843.58
2022-07-26,WG_Seaview,104935.46
2022-07-27,WG_Seaview,96730.12
2022-07-28,WG_Seaview,101972.43
2022-07-29,WG_Seaview,77206.27
2022-07-30,WG_Seaview,94941.13
2022-07-31,WG_Seaview,127707.95
2022-08-01,WG_Seaview,NA
2022-08-03,WG_Seaview,NA
2022-08-05,WG_Seaview,NA
2022-08-08,WG_Seaview,NA
2022-08-10,WG_Seaview,NA
2022-08-12,WG_Seaview,NA
2022-08-15,WG_Seaview,NA
2022-08-17,WG_Seaview,NA
2022-08-19,WG_Seaview,NA
2022-08-22,WG_Seaview,NA
2022-08-24,WG_Seaview,NA
2022-08-26,WG_Seaview,NA
2022-08-29,WG_Seaview,NA
2022-08-31,WG_Seaview,NA
2022-09-02,WG_Seaview,NA
2022-09-05,WG_Seaview,NA
2022-09-07,WG_Seaview,NA
2022-09-09,WG_Seaview,NA
2022-09-12,WG_Seaview,NA
2022-09-14,WG_Seaview,NA
2022-09-16,WG_Seaview,NA
2022-09-19,WG_Seaview,NA
2022-09-21,WG_Seaview,NA
2022-09-23,WG_Seaview,NA
2022-09-27,WG_Seaview,NA
2022-09-29,WG_Seaview,NA
2022-10-04,WG_Seaview,NA
2022-10-06,WG_Seaview,NA
2022-01-01,WG_Porirua,19974.2719
2022-01-02,WG_Porirua,16436.76793
2022-01-03,WG_Porirua,0.500402988
2022-01-04,WG_Porirua,0.301376179
2022-01-05,WG_Porirua,0.102349369
2022-01-06,WG_Porirua,19233.99481
2022-01-07,WG_Porirua,19296.68182
2022-01-08,WG_Porirua,19603.78175
2022-01-09,WG_Porirua,19473.31296
2022-01-10,WG_Porirua,20221.1827
2022-01-11,WG_Porirua,19736.51123
2022-01-12,WG_Porirua,19800.03499
2022-01-13,WG_Porirua,19816.57533
2022-01-14,WG_Porirua,19779.98223
2022-01-15,WG_Porirua,19563.44317
2022-01-16,WG_Porirua,21936.24809
2022-01-17,WG_Porirua,19631.13476
2022-01-18,WG_Porirua,19928.74122
2022-01-19,WG_Porirua,19281.62173
2022-01-20,WG_Porirua,19805.01307
2022-01-21,WG_Porirua,19027.40496
2022-01-22,WG_Porirua,19629.25455
2022-01-23,WG_Porirua,18827.6788
2022-01-24,WG_Porirua,21151.35428
2022-01-25,WG_Porirua,20010.21643
2022-01-26,WG_Porirua,19771.48323
2022-01-27,WG_Porirua,19426.9975
2022-01-28,WG_Porirua,19332.40815
2022-01-29,WG_Porirua,20340.53244
2022-01-30,WG_Porirua,21591.38223
2022-01-31,WG_Porirua,19705.66335
2022-02-01,WG_Porirua,19980.12977
2022-02-02,WG_Porirua,20124.63475
2022-02-03,WG_Porirua,19482.30294
2022-02-04,WG_Porirua,46343.16095
2022-02-05,WG_Porirua,88876.71536
2022-02-06,WG_Porirua,62029.55753
2022-02-07,WG_Porirua,32291.33696
2022-02-08,WG_Porirua,25388.10552
2022-02-09,WG_Porirua,29422.23121
2022-02-10,WG_Porirua,24289.53704
2022-02-11,WG_Porirua,26466.0717
2022-02-12,WG_Porirua,85483.45738
2022-02-13,WG_Porirua,92993.19385
2022-02-14,WG_Porirua,64613.20695
2022-02-15,WG_Porirua,37381.74921
2022-02-16,WG_Porirua,30250.04417
2022-02-17,WG_Porirua,28129.98308
2022-02-18,WG_Porirua,24457.53485
2022-02-19,WG_Porirua,37718.38684
2022-02-20,WG_Porirua,50217.05003
2022-02-21,WG_Porirua,31280.49562
2022-02-22,WG_Porirua,26729.68208
2022-02-23,WG_Porirua,23888.96549
2022-02-24,WG_Porirua,24401.16737
2022-02-25,WG_Porirua,22686.45446
2022-02-26,WG_Porirua,23606.3379
2022-02-27,WG_Porirua,23807.41843
2022-02-28,WG_Porirua,23041.25351
2022-03-01,WG_Porirua,22579.48655
2022-03-02,WG_Porirua,21073.91332
2022-03-03,WG_Porirua,22461.14026
2022-03-04,WG_Porirua,20880.24505
2022-03-05,WG_Porirua,21509.73278
2022-03-06,WG_Porirua,23649.64594
2022-03-07,WG_Porirua,21192.04267
2022-03-08,WG_Porirua,40406.67479
2022-03-09,WG_Porirua,40334.33967
2022-03-10,WG_Porirua,40647.39908
2022-03-11,WG_Porirua,40147.82872
2022-03-12,WG_Porirua,40174.06509
2022-03-13,WG_Porirua,40488.51731
2022-03-14,WG_Porirua,23158.58588
2022-03-15,WG_Porirua,20467.7385
2022-03-16,WG_Porirua,20428.27453
2022-03-17,WG_Porirua,20950.12867
2022-03-18,WG_Porirua,33321.10921
2022-03-19,WG_Porirua,36060.39907
2022-03-20,WG_Porirua,36119.12422
2022-03-21,WG_Porirua,36039.36851
2022-03-22,WG_Porirua,36629.94272
2022-03-23,WG_Porirua,35938.61669
2022-03-24,WG_Porirua,37996.17802
2022-03-25,WG_Porirua,36478.09087
2022-03-26,WG_Porirua,36070.71634
2022-03-27,WG_Porirua,36091.2645
2022-03-28,WG_Porirua,35982.04521
2022-03-29,WG_Porirua,35758.26177
2022-03-30,WG_Porirua,35869.23865
2022-03-31,WG_Porirua,35768.9998
2022-04-01,WG_Porirua,19808.88798
2022-04-02,WG_Porirua,22232.7049
2022-04-03,WG_Porirua,23212.64044
2022-04-04,WG_Porirua,21199.49543
2022-04-05,WG_Porirua,22371.85193
2022-04-06,WG_Porirua,24130.55613
2022-04-07,WG_Porirua,21331.16709
2022-04-08,WG_Porirua,20485.55943
2022-04-09,WG_Porirua,21690.82592
2022-04-10,WG_Porirua,22073.71366
2022-04-11,WG_Porirua,20420.78416
2022-04-12,WG_Porirua,23708.57103
2022-04-13,WG_Porirua,21518.80337
2022-04-14,WG_Porirua,19757.55392
2022-04-15,WG_Porirua,20762.63442
2022-04-16,WG_Porirua,19033.05964
2022-04-17,WG_Porirua,19552.74947
2022-04-18,WG_Porirua,21151.71121
2022-04-19,WG_Porirua,20059.96031
2022-04-20,WG_Porirua,20811.3914
2022-04-21,WG_Porirua,26491.71766
2022-04-22,WG_Porirua,21332.70172
2022-04-23,WG_Porirua,21599.26478
2022-04-24,WG_Porirua,20249.70279
2022-04-25,WG_Porirua,21641.92982
2022-04-26,WG_Porirua,20877.60104
2022-04-27,WG_Porirua,21239.79835
2022-04-28,WG_Porirua,21314.69998
2022-04-29,WG_Porirua,19749.58555
2022-04-30,WG_Porirua,21529.85191
2022-05-01,WG_Porirua,22326.04229
2022-05-02,WG_Porirua,19814.41772
2022-05-03,WG_Porirua,20518.73576
2022-05-04,WG_Porirua,21257.18228
2022-05-05,WG_Porirua,20509.30576
2022-05-06,WG_Porirua,19488.14355
2022-05-07,WG_Porirua,21142.71849
2022-05-08,WG_Porirua,21424.03716
2022-05-09,WG_Porirua,31094.54719
2022-05-10,WG_Porirua,23129.99154
2022-05-11,WG_Porirua,21803.76269
2022-05-12,WG_Porirua,20986.52097
2022-05-13,WG_Porirua,19828.75252
2022-05-14,WG_Porirua,23438.57532
2022-05-15,WG_Porirua,33655.67807
2022-05-16,WG_Porirua,23267.83644
2022-05-17,WG_Porirua,23504.99564
2022-05-18,WG_Porirua,22420.76913
2022-05-19,WG_Porirua,27991.69708
2022-05-20,WG_Porirua,33815.4862
2022-05-21,WG_Porirua,25262.7893
2022-05-22,WG_Porirua,25121.06273
2022-05-23,WG_Porirua,22321.18181
2022-05-24,WG_Porirua,21192.57432
2022-05-25,WG_Porirua,21206.25799
2022-05-26,WG_Porirua,20648.16576
2022-05-27,WG_Porirua,19420.43193
2022-05-28,WG_Porirua,21729.90888
2022-05-29,WG_Porirua,22836.01292
2022-05-30,WG_Porirua,49619.03374
2022-05-31,WG_Porirua,37966.87014
2022-06-01,WG_Porirua,52325
2022-06-02,WG_Porirua,63161
2022-06-03,WG_Porirua,34307
2022-06-04,WG_Porirua,28155
2022-06-05,WG_Porirua,25650
2022-06-06,WG_Porirua,25422
2022-06-07,WG_Porirua,28563
2022-06-08,WG_Porirua,42144
2022-06-09,WG_Porirua,67902
2022-06-10,WG_Porirua,51880
2022-06-11,WG_Porirua,45865
2022-06-12,WG_Porirua,83493
2022-06-13,WG_Porirua,54396
2022-06-14,WG_Porirua,34748
2022-06-15,WG_Porirua,28736
2022-06-16,WG_Porirua,26704
2022-06-17,WG_Porirua,23335
2022-06-18,WG_Porirua,32126
2022-06-19,WG_Porirua,32909
2022-06-20,WG_Porirua,27596
2022-06-21,WG_Porirua,25886
2022-06-22,WG_Porirua,23737
2022-06-23,WG_Porirua,22866
2022-06-24,WG_Porirua,22568
2022-06-25,WG_Porirua,23542
2022-06-26,WG_Porirua,24531
2022-06-27,WG_Porirua,27118
2022-06-28,WG_Porirua,52669
2022-06-29,WG_Porirua,36204
2022-06-30,WG_Porirua,28562
2022-07-01,WG_Porirua,25129
2022-07-02,WG_Porirua,25096
2022-07-03,WG_Porirua,26126
2022-07-04,WG_Porirua,23056
2022-07-05,WG_Porirua,25410
2022-07-06,WG_Porirua,23140
2022-07-07,WG_Porirua,26477
2022-07-08,WG_Porirua,61394
2022-07-09,WG_Porirua,38676
2022-07-10,WG_Porirua,31664
2022-07-11,WG_Porirua,42678
2022-07-12,WG_Porirua,76256
2022-07-13,WG_Porirua,38777
2022-07-14,WG_Porirua,30994
2022-07-15,WG_Porirua,30305
2022-07-16,WG_Porirua,28866
2022-07-17,WG_Porirua,26659
2022-07-18,WG_Porirua,25346
2022-07-19,WG_Porirua,47958
2022-07-20,WG_Porirua,83974
2022-07-21,WG_Porirua,76703
2022-07-22,WG_Porirua,41801
2022-07-23,WG_Porirua,34248
2022-07-24,WG_Porirua,32187
2022-07-25,WG_Porirua,46959
2022-07-26,WG_Porirua,53965
2022-07-27,WG_Porirua,49733
2022-07-28,WG_Porirua,51757
2022-07-29,WG_Porirua,33577
2022-07-30,WG_Porirua,48788
2022-07-31,WG_Porirua,59875
2022-08-01,WG_Porirua,NA
2022-08-03,WG_Porirua,NA
2022-08-05,WG_Porirua,NA
2022-08-08,WG_Porirua,NA
2022-08-10,WG_Porirua,NA
2022-08-12,WG_Porirua,NA
2022-08-15,WG_Porirua,NA
2022-08-17,WG_Porirua,NA
2022-08-19,WG_Porirua,NA
2022-08-22,WG_Porirua,NA
2022-08-24,WG_Porirua,NA
2022-08-26,WG_Porirua,NA
2022-08-29,WG_Porirua,NA
2022-08-31,WG_Porirua,NA
2022-09-02,WG_Porirua,NA
2022-09-05,WG_Porirua,NA
2022-09-07,WG_Porirua,NA
2022-09-09,WG_Porirua,NA
2022-09-12,WG_Porirua,NA
2022-09-14,WG_Porirua,NA
2022-09-16,WG_Porirua,NA
2022-09-19,WG_Porirua,NA
2022-09-21,WG_Porirua,NA
2022-09-23,WG_Porirua,NA
2022-09-27,WG_Porirua,NA
2022-09-29,WG_Porirua,NA
2022-10-04,WG_Porirua,NA
2022-10-06,WG_Porirua,NA
2022-01-05,AU_Rosedale,45030
2022-01-10,AU_Rosedale,45363
2022-01-17,AU_Rosedale,46544
2022-01-24,AU_Rosedale,45860
2022-01-26,AU_Rosedale,45955
2022-02-02,AU_Rosedale,45474
2022-02-04,AU_Rosedale,47396
2022-02-09,AU_Rosedale,52944
2022-02-14,AU_Rosedale,48161
2022-02-16,AU_Rosedale,48564
2022-02-21,AU_Rosedale,50269
2022-02-23,AU_Rosedale,48541
2022-02-28,AU_Rosedale,49283
2022-03-07,AU_Rosedale,48080
2022-03-09,AU_Rosedale,47003
2022-03-10,AU_Rosedale,47353
2022-03-11,AU_Rosedale,46565
2022-03-14,AU_Rosedale,47361
2022-03-16,AU_Rosedale,45984
2022-03-21,AU_Rosedale,54008
2022-03-22,AU_Rosedale,146489
2022-03-27,AU_Rosedale,52019
2022-03-29,AU_Rosedale,50588
2022-04-04,AU_Rosedale,50788
2022-04-05,AU_Rosedale,49301
2022-04-12,AU_Rosedale,49155
2022-04-11,AU_Rosedale,50001
2022-04-20,AU_Rosedale,58436
2022-05-01,AU_Rosedale,49676
2022-05-04,AU_Rosedale,48942
2022-05-09,AU_Rosedale,49518
2022-05-10,AU_Rosedale,51629
2022-05-15,AU_Rosedale,49125
2022-05-18,AU_Rosedale,49653
2022-05-22,AU_Rosedale,54164
2022-05-24,AU_Rosedale,52415
2022-05-29,AU_Rosedale,51701
2022-05-31,AU_Rosedale,75820
2022-06-07,AU_Rosedale,108062
2022-06-12,AU_Rosedale,86190
2022-06-14,AU_Rosedale,101913
2022-06-20,AU_Rosedale,62735
2022-06-22,AU_Rosedale,55557
2022-06-27,AU_Rosedale,61842
2022-06-28,AU_Rosedale,58380
2022-07-04,AU_Rosedale,56728
2022-07-05,AU_Rosedale,54654
2022-07-13,AU_Rosedale,164322
2022-07-11,AU_Rosedale,68977
2022-07-18,AU_Rosedale,66448
2022-07-20,AU_Rosedale,82155
2022-07-25,AU_Rosedale,83135
2022-07-27,AU_Rosedale,140541
2022-08-01,AU_Rosedale,73328
2022-08-03,AU_Rosedale,61795
2022-08-08,AU_Rosedale,127251
2022-08-10,AU_Rosedale,107194
2022-08-15,AU_Rosedale,60657
2022-08-16,AU_Rosedale,58197
2022-08-22,AU_Rosedale,71919
2022-08-24,AU_Rosedale,69911
2022-08-29,AU_Rosedale,64418
2022-08-30,AU_Rosedale,59969
2022-09-05,AU_Rosedale,55850
2022-09-07,AU_Rosedale,65537
2022-09-12,AU_Rosedale,86347
2022-09-14,AU_Rosedale,71519
2022-09-19,AU_Rosedale,57182
2022-09-21,AU_Rosedale,56303
2022-09-28,AU_Rosedale,52808
2022-10-03,AU_Rosedale,98582
2022-10-05,AU_Rosedale,64363
2022-10-10,AU_Rosedale,54609
2022-10-12,AU_Rosedale,53267
