SAMPLELOCATION,DATECOLLECTED,daily_flow_rate_m3,STARLIMS,
AU_Omaha,28/09/2021,184,,
AU_Omaha,5/10/2021,203,,
AU_Omaha,12/10/2021,214,,
AU_Omaha,19/10/2021,191,,
AU_Omaha,26/10/2021,202,21EV2877-001-0,
AU_Omaha,2/11/2021,195,21EV3097-001-0,
AU_Omaha,16/11/2021,184,21EV3516-001-0,
AU_Omaha,23/11/2021,178,21EV3734-001-0,
AU_Omaha,30/11/2021,196,,
AU_Omaha,7/12/2021,184,21EV4045-001-0,
AU_Omaha,14/12/2021,309,,
AU_Omaha,21/12/2021,204,,
AU_Omaha,29/12/2021,266,,
AU_Omaha,5/1/2022,247,22EV0062-001-0,
AU_Omaha,11/1/2022,197,22EV0174-001-0,
AU_Omaha,18/01/2022,181,22EV0314-001-0,
AU_Omaha,25/01/2022,220,22EV0576-001-0,
AU_Omaha,1/2/2022,208,22EV0764-001-0,
AU_Omaha,8/2/2022,226,22EV0958-001-0,
AU_Omaha,15/02/2022,182,22EV1146-001-0,
AU_Omaha,22/02/2022,184,22EV1290-001-0,
AU_Omaha,1/3/2022,189,22EV1478-001-0,
AU_Omaha,8/3/2022,184,22EV1681-001-0,
AU_Pukekohe,8/9/2021,10843.27,21EV1822-001-0,
AU_Pukekohe,15/09/2021,16215.63,21EV2008-001-0,
AU_Pukekohe,17/09/2021,15644.55,21EV2043-001-0,
AU_Pukekohe,8/10/2021,11336.18,21EV2482-001-0,
AU_Pukekohe,13/10/2021,13272.38,21EV2582-001-0,
AU_Pukekohe,15/10/2021,11449.28,21EV2651-001-0,
AU_Pukekohe,20/10/2021,11543.84,21EV2756-001-0,
AU_Pukekohe,3/11/2021,12804.08,21EV3098-001-0,
AU_Pukekohe,12/11/2021,11812.35,21EV3415-001-0,
AU_Pukekohe,17/11/2021,13458.6,21EV3521-001-0,
AU_Pukekohe,24/11/2021,11505.6,21EV3729-001-0,
AU_Pukekohe,1/12/2021,15553.19,21EV3907-001-0,
AU_Pukekohe,8/12/2021,14983.76,21EV4136-001-0,
AU_Pukekohe,29/12/2021,7379.45,21EV4511-001-0,
AU_Pukekohe,5/1/2022,9038.87,22EV0073-001-0,
AU_Pukekohe,19/01/2022,,22EV0430-001-0,
AU_Pukekohe,26/01/2022,8966.57,22EV0571-001-0,
AU_Pukekohe,31/01/2022,,22EV0797-001-0,
AU_Pukekohe,2/2/2022,9196.4,22EV0765-001-0,
AU_Pukekohe,7/2/2022,10769.53,22EV0887-001-0,
AU_Pukekohe,9/2/2022,9615.32,22EV0959-001-0,
AU_Pukekohe,14/02/2022,11049.27,22EV1147-001-0,
AU_Pukekohe,16/02/2022,10470.69,22EV1201-001-0,
AU_Pukekohe,21/02/2022,7856.75,22EV1291-001-0,
AU_Pukekohe,23/02/2022,10385.76,22EV1343-001-0,
AU_Pukekohe,28/02/2022,8641.59,22EV1454-001-0,
AU_Pukekohe,2/3/2022,8264.16,22EV1540-001-0,
AU_Pukekohe,7/3/2022,8757.11,22EV1595-001-0,
AU_Pukekohe,9/3/2022,8504.68,22EV1682-001-0,
AU_SnellsAlgies,7/9/2021,886,21EV1900-001-0,
AU_SnellsAlgies,14/09/2021,936,,
AU_SnellsAlgies,21/09/2021,841,,
AU_SnellsAlgies,28/09/2021,789,,
AU_SnellsAlgies,5/10/2021,836,,
AU_SnellsAlgies,12/10/2021,1088,,
AU_SnellsAlgies,19/10/2021,785,21EV2750-001-0,
AU_SnellsAlgies,26/10/2021,1083,21EV2878-001-0,
AU_SnellsAlgies,2/11/2021,898,21EV3099-001-0,
AU_SnellsAlgies,9/11/2021,795,,
AU_SnellsAlgies,16/11/2021,902,21EV3513-001-0,
AU_SnellsAlgies,23/11/2021,746,,
AU_SnellsAlgies,30/11/2021,707,,
AU_SnellsAlgies,7/12/2021,711,,
AU_SnellsAlgies,14/12/2021,2566,21EV4304-001-0,
AU_SnellsAlgies,21/12/2021,737,,
AU_SnellsAlgies,29/12/2021,1022,,
AU_SnellsAlgies,5/1/2022,967,22EV0063-001-0,
AU_SnellsAlgies,11/1/2022,785,22EV0175-001-0,
AU_SnellsAlgies,18/01/2022,710,22EV0315-001-0,
AU_SnellsAlgies,25/01/2022,756,22EV0572-001-0,
AU_SnellsAlgies,1/2/2022,663,22EV0766-001-0,
AU_SnellsAlgies,8/2/2022,898,22EV0960-001-0,
AU_SnellsAlgies,15/02/2022,709,22EV1148-001-0,
AU_SnellsAlgies,22/02/2022,692,22EV1292-001-0,
AU_SnellsAlgies,1/3/2022,690,22EV1479-001-0,
AU_SnellsAlgies,8/3/2022,730,22EV1683-001-0,
AU_Warkworth,7/9/2021,1820,,
AU_Warkworth,14/09/2021,1515,21EV1959-001-0,
AU_Warkworth,21/09/2021,1523,,
AU_Warkworth,28/09/2021,1504,,
AU_Warkworth,5/10/2021,1476,,
AU_Warkworth,12/10/2021,1890,,
AU_Warkworth,19/10/2021,1598,21EV2757-001-0,
AU_Warkworth,26/10/2021,2000,21EV2879-001-0,
AU_Warkworth,2/11/2021,1566,,
AU_Warkworth,9/11/2021,1488,,
AU_Warkworth,16/11/2021,1708,,
AU_Warkworth,23/11/2021,1519,,
AU_Warkworth,30/11/2021,1437,,
AU_Warkworth,7/12/2021,1505,,
AU_Warkworth,14/12/2021,4239,,
AU_Warkworth,21/12/2021,1400,21EV4441-001-0,
AU_Warkworth,29/12/2021,1370,21EV4515-001-0,
AU_Warkworth,5/1/2022,1460,22EV0064-001-0,
AU_Warkworth,11/1/2022,1378,22EV0176-001-0,
AU_Warkworth,18/01/2022,1388,22EV0316-001-0,
AU_Warkworth,25/01/2022,1407,22EV0574-001-0,
AU_Warkworth,1/2/2022,1370,22EV0768-001-0,
AU_Warkworth,8/2/2022,1834,22EV0962-001-0,
AU_Warkworth,15/02/2022,1480,22EV1150-001-0,
AU_Warkworth,22/02/2022,1462,22EV1294-001-0,
AU_Warkworth,1/3/2022,1528,22EV1480-001-0,
AU_Warkworth,8/3/2022,1457,22EV1685-001-0,
AU_Wellsford,7/9/2021,683,,
AU_Wellsford,14/09/2021,573,,
AU_Wellsford,21/09/2021,493,,
AU_Wellsford,28/09/2021,510,,
AU_Wellsford,5/10/2021,519,,
AU_Wellsford,12/10/2021,914,21EV2545-001-0,
AU_Wellsford,19/10/2021,456,21EV2752-001-0,
AU_Wellsford,26/10/2021,731,21EV2880-001-0,
AU_Wellsford,2/11/2021,572,21EV3103-001-0,
AU_Wellsford,16/11/2021,585,21EV3515-001-0,
AU_Wellsford,23/11/2021,372,,
AU_Wellsford,30/11/2021,344,21EV3912-001-0,
AU_Wellsford,7/12/2021,464,,
AU_Wellsford,14/12/2021,2816,,
AU_Wellsford,21/12/2021,483,,
AU_Wellsford,29/12/2021,508,,
AU_Wellsford,5/1/2022,491,22EV0065-001-0,
AU_Wellsford,11/1/2022,461,22EV0177-001-0,
AU_Wellsford,18/01/2022,438,22EV0317-001-0,
AU_Wellsford,25/01/2022,495,22EV0575-001-0,
AU_Wellsford,1/2/2022,446,22EV0769-001-0,
AU_Wellsford,8/2/2022,503,22EV0963-001-0,
AU_Wellsford,15/02/2022,454,22EV1151-001-0,
AU_Wellsford,22/02/2022,448,22EV1295-001-0,
AU_Wellsford,1/3/2022,462,22EV1481-001-0,
BP_Kawerau,5/1/2022,1733,22EV0022-001-0,
BP_Kawerau,10/1/2022,1744,22EV0111-001-0,
BP_Kawerau,24/01/2022,2043,22EV0433-001-0,
BP_Kawerau,1/2/2022,2134,22EV0678-001-0,
BP_Kawerau,7/2/2022,2705,22EV0833-001-0,
BP_Kawerau,15/02/2022,2216,22EV1046-001-0,
BP_Kawerau,22/02/2022,2058,22EV1273-001-0,
BP_Kawerau,1/3/2022,2074,22EV1411-001-0,
BP_Kawerau,7/3/2022,1987,22EV1610-001-0,
BP_Kawerau,15/03/2022,1993,22EV1852-001-0,
BP_Kawerau,22/03/2022,2058,22EV1949-001-0,
BP_Kawerau,31/03/2022,2096,22EV2208-001-0,
BP_Kawerau,5/4/2022,1890,22EV2281-001-0,
BP_Kawerau,13/04/2022,2042,22EV2481-001-0,
BP_Kawerau,19/04/2022,1914,22EV2561-001-0,
BP_Kawerau,26/04/2022,1842,22EV2699-001-0,
BP_Kawerau,4/5/2022,1975,22EV2907-001-0,
BP_Kawerau,11/5/2022,2014,22EV3073-001-0,
BP_Kawerau,17/05/2022,1824,22EV3167-001-0,
BP_Kawerau,24/05/2022,1892,22EV3321-001-0,
BP_Kawerau,31/05/2022,2252,22EV3457-001-0,
BP_Kawerau,7/6/2022,2558,22EV3614-001-0,
BP_Kawerau,15/06/2022,2107,22EV3794-001-0,
BP_Kawerau,21/06/2022,,22EV3884-001-0,
BP_Kawerau,30/06/2022,,22EV4098-001-0,
BP_Kawerau,5/7/2022,,22EV4169-001-0,
BP_Kawerau,12/7/2022,,22EV4361-001-0,
BP_Kawerau,2/8/2022,1764,22EV4799-001-0,
BP_Tauranga,5/1/2022,13647,22EV0019-001-0,
BP_Tauranga,6/1/2022,13657,22EV0084-001-0,
BP_Tauranga,11/1/2022,13549,22EV0142-001-0,
BP_Tauranga,13/01/2022,13528,22EV0260-001-0,
BP_Tauranga,18/01/2022,13603,22EV0318-001-0,
BP_Tauranga,20/01/2022,13515,22EV0415-001-0,
BP_Tauranga,25/01/2022,13456,22EV0510-001-0,
BP_Tauranga,27/01/2022,15358,22EV0605-001-0,
BP_Tauranga,1/2/2022,13875,22EV0675-001-0,
BP_Tauranga,3/2/2022,13709,22EV0799-001-0,
BP_Tauranga,8/2/2022,17242,22EV0835-001-0,
BP_Tauranga,10/2/2022,14563,22EV0972-001-0,
BP_Tauranga,15/02/2022,14296,22EV1049-001-0,
BP_Tauranga,17/02/2022,13696,22EV1158-001-0,
BP_Tauranga,22/02/2022,15570,22EV1270-001-0,
BP_Tauranga,24/02/2022,13790,22EV1370-001-0,
BP_Tauranga,1/3/2022,13492,22EV1408-001-0,
BP_Tauranga,3/3/2022,13324,22EV1506-001-0,
BP_Tauranga,8/3/2022,13300,22EV1641-001-0,
BP_Tauranga,10/3/2022,13380,22EV1691-001-0,
BP_Tauranga,15/03/2022,13351,22EV1775-001-0,
BP_Tauranga,17/03/2022,13509,22EV1877-001-0,
BP_Tauranga,22/03/2022,16510,22EV1946-001-0,
BP_Tauranga,24/03/2022,16693,22EV2034-001-0,
BP_Tauranga,29/03/2022,14207,22EV2117-001-0,
BP_Tauranga,31/03/2022,14303,22EV2205-001-0,
BP_Tauranga,5/4/2022,14012,22EV2279-001-0,
BP_Tauranga,7/4/2022,14073,22EV2369-001-0,
BP_Tauranga,12/4/2022,14161,22EV2437-001-0,
BP_Tauranga,14/04/2022,14515,22EV2552-001-0,
BP_Tauranga,19/04/2022,14164,22EV2559-001-0,
BP_Tauranga,21/04/2022,14550,22EV2649-001-0,
BP_Tauranga,26/04/2022,14407,22EV2697-001-0,
BP_Tauranga,28/04/2022,14133,22EV2775-001-0,
BP_Tauranga,3/5/2022,15214,22EV2847-001-0,
BP_Tauranga,5/5/2022,14905,22EV2940-001-0,
BP_Tauranga,10/5/2022,14317,22EV3010-001-0,
BP_Tauranga,12/5/2022,14955,22EV3099-001-0,
BP_Tauranga,17/05/2022,13643,22EV3166-001-0,
BP_Tauranga,19/05/2022,15388,22EV3248-001-0,
BP_Tauranga,24/05/2022,14209,22EV3319-001-0,
BP_Tauranga,26/05/2022,14031,22EV3388-001-0,
BP_Tauranga,31/05/2022,18208,22EV3455-001-0,
BP_Tauranga,2/6/2022,16859,22EV3557-001-0,
BP_Tauranga,7/6/2022,19441,22EV3578-001-0,
BP_Tauranga,9/6/2022,18201,22EV3661-001-0,
BP_Tauranga,14/06/2022,17782,22EV3740-001-0,
BP_Tauranga,16/06/2022,16214,22EV3815-001-0,
BP_Tauranga,21/06/2022,,22EV3882-001-0,
BP_Tauranga,22/06/2022,,22EV3938-001-0,
BP_Tauranga,28/06/2022,,22EV4015-001-0,
BP_Tauranga,30/06/2022,,22EV4096-001-0,
BP_Tauranga,5/7/2022,,22EV4167-001-0,
BP_Tauranga,7/7/2022,,22EV4276-001-0,
BP_Tauranga,12/7/2022,,22EV4324-001-0,
BP_Tauranga,2/8/2022,17343,22EV4797-001-0,
BP_TeMaunga,5/1/2022,19191,22EV0020-001-0,
BP_TeMaunga,6/1/2022,19885,22EV0085-001-0,
BP_TeMaunga,11/1/2022,19248,22EV0143-001-0,
BP_TeMaunga,13/01/2022,18709,22EV0261-001-0,
BP_TeMaunga,18/01/2022,18542,22EV0319-001-0,
BP_TeMaunga,20/01/2022,18580,22EV0416-001-0,
BP_TeMaunga,25/01/2022,18443,22EV0511-001-0,
BP_TeMaunga,27/01/2022,19540,22EV0606-001-0,
BP_TeMaunga,1/2/2022,17913,22EV0677-001-0,
BP_TeMaunga,3/2/2022,18303,22EV0800-001-0,
BP_TeMaunga,8/2/2022,20243,22EV0836-001-0,
BP_TeMaunga,10/2/2022,18838,22EV0973-001-0,
BP_TeMaunga,15/02/2022,18752,22EV1050-001-0,
BP_TeMaunga,17/02/2022,18516,22EV1159-001-0,
BP_TeMaunga,22/02/2022,15876,22EV1271-001-0,
BP_TeMaunga,24/02/2022,17957,22EV1371-001-0,
BP_TeMaunga,1/3/2022,17805,22EV1412-001-0,
BP_TeMaunga,3/3/2022,17933,22EV1507-001-0,
BP_TeMaunga,8/3/2022,17491,22EV1642-001-0,
BP_TeMaunga,10/3/2022,17361,22EV1690-001-0,
BP_TeMaunga,15/03/2022,17597,22EV1776-001-0,
BP_TeMaunga,17/03/2022,17499,22EV1878-001-0,
BP_TeMaunga,22/03/2022,18534,22EV1947-001-0,
BP_TeMaunga,24/03/2022,21011,22EV2035-001-0,
BP_TeMaunga,29/03/2022,18471,22EV2118-001-0,
BP_TeMaunga,31/03/2022,18510,22EV2206-001-0,
BP_TeMaunga,5/4/2022,17757,22EV2280-001-0,
BP_TeMaunga,7/4/2022,18373,22EV2370-001-0,
BP_TeMaunga,12/4/2022,18406,22EV2438-001-0,
BP_TeMaunga,14/04/2022,18533,22EV2553-001-0,
BP_TeMaunga,19/04/2022,18149,22EV2560-001-0,
BP_TeMaunga,21/04/2022,19216,22EV2650-001-0,
BP_TeMaunga,26/04/2022,18936,22EV2698-001-0,
BP_TeMaunga,28/04/2022,18831,22EV2776-001-0,
BP_TeMaunga,3/5/2022,19028,22EV2848-001-0,
BP_TeMaunga,5/5/2022,17800,22EV2941-001-0,
BP_TeMaunga,10/5/2022,17857,22EV3011-001-0,
BP_TeMaunga,12/5/2022,17517,22EV3100-001-0,
BP_TeMaunga,18/05/2022,18280,22EV3249-001-0,
BP_TeMaunga,19/05/2022,20034,22EV3250-001-0,
BP_TeMaunga,24/05/2022,18675,22EV3320-001-0,
BP_TeMaunga,26/05/2022,19109,22EV3389-001-0,
BP_TeMaunga,31/05/2022,23546,22EV3456-001-0,
BP_TeMaunga,2/6/2022,19849,22EV3558-001-0,
BP_TeMaunga,7/6/2022,22370,22EV3579-001-0,
BP_TeMaunga,9/6/2022,21120,22EV3662-001-0,
BP_TeMaunga,14/06/2022,20892,22EV3741-001-0,
BP_TeMaunga,16/06/2022,20069,22EV3816-001-0,
BP_TeMaunga,21/06/2022,,22EV3883-001-0,
BP_TeMaunga,22/06/2022,,22EV3939-001-0,
BP_TeMaunga,30/06/2022,,22EV4097-001-0,
BP_TeMaunga,5/7/2022,,22EV4168-001-0,
BP_TeMaunga,7/7/2022,,22EV4277-001-0,
BP_TeMaunga,12/7/2022,,22EV4325-001-0,
CA_Ashburton,22/02/2022,10925,22CE0006-001-0,
CA_Ashburton,1/3/2022,9685,22CE0020-001-0,
CA_Ashburton,7/3/2022,8843,22CE0037-001-0,
CA_Ashburton,15/03/2022,8203,22CE0052-001-0,
CA_Ashburton,16/03/2022,8255,22CE0060-001-0,
CA_Ashburton,22/03/2022,9722,22CE0075-001-0,
CA_Ashburton,23/03/2022,9149,22CE0083-001-0,
CA_Ashburton,29/03/2022,8311,22CE0094-001-0,
CA_Ashburton,30/03/2022,7990,22CE0104-001-0,
CA_Ashburton,5/4/2022,7805,22CE0117-001-0,
CA_Ashburton,6/4/2022,8015,22CE0122-001-0,
CA_Ashburton,12/4/2022,7758,22CE0139-001-0,
CA_Ashburton,13/04/2022,8095,22CE0146-001-0,
CA_Ashburton,20/04/2022,7512,22CE0162-001-0,
CA_Ashburton,27/04/2022,6991,22CE0179-001-0,
CA_Ashburton,3/5/2022,7116,22CE0197-001-0,
CA_Ashburton,4/5/2022,6842,22CE0203-001-0,
CA_Ashburton,10/5/2022,8750,22CE0217-001-0,
CA_Ashburton,11/5/2022,7422,22CE0228-001-0,
CA_Ashburton,16/05/2022,7008,22CE0235-001-0,
CA_Ashburton,17/05/2022,7119,22CE0247-001-0,
CA_Ashburton,24/05/2022,5991,22CE0272-001-0,
CA_Ashburton,25/05/2022,6972,22CE0280-001-0,
CA_Ashburton,31/05/2022,6754,22CE0296-001-0,
CA_Ashburton,1/6/2022,6606,22CE0304-001-0,
CA_Ashburton,8/6/2022,NA,22CE0319-001-0,grab
CA_Ashburton,14/06/2022,6928,22CE0340-001-0,
CA_Ashburton,15/06/2022,6794,22CE0346-001-0,
CA_Ashburton,21/06/2022,7745,22CE0361-001-0,
CA_Ashburton,22/06/2022,7333,22CE0366-001-0,
CA_Ashburton,28/06/2022,8475,22EV4077-001-0,
CA_Ashburton,29/06/2022,6306,22EV4078-001-0,
CA_Ashburton,5/7/2022,7027,22EV4227-001-0,
CA_Ashburton,6/7/2022,4729,22EV4228-001-0,
CA_Ashburton,12/7/2022,,22EV4351-001-0,
CA_Ashburton,12/7/2022,13584,22EV4351-001-0,
CA_Ashburton,13/07/2022,,22EV4382-001-0,
CA_Ashburton,13/07/2022,23906,22EV4382-001-0,
CA_Ashburton,19/07/2022,12348,22EV4541-001-0,
CA_Ashburton,20/07/2022,13560,22EV4542-001-0,
CA_Ashburton,26/07/2022,17361,22EV4669-001-0,
CA_Ashburton,27/07/2022,31518,22EV4723-001-0,
CA_Ashburton,2/8/2022,23591,22EV4824-001-0,
CA_Ashburton,3/8/2022,22380,,
CA_Christchurch,3/1/2022,147692,22EV0102-001-0,
CA_Christchurch,7/1/2022,151847,22EV0133-001-0,
CA_Christchurch,10/1/2022,151342,22EV0134-001-0,
CA_Christchurch,12/1/2022,147125,22EV0205-001-0,
CA_Christchurch,14/01/2022,140104,22EV0288-001-0,
CA_Christchurch,17/01/2022,142074,22EV0289-001-0,
CA_Christchurch,19/01/2022,139613,22EV0432-001-0,
CA_Christchurch,21/01/2022,142832,22EV0462-001-0,
CA_Christchurch,24/01/2022,140125,22EV0463-001-0,
CA_Christchurch,26/01/2022,138354,22EV0556-001-0,
CA_Christchurch,28/01/2022,143527,22EV0650-001-0,
CA_Christchurch,31/01/2022,137936,22EV0651-001-0,
CA_Christchurch,2/2/2022,138460,22EV0753-001-0,
CA_Christchurch,4/2/2022,138017,22EV0867-001-0,
CA_Christchurch,8/2/2022,165587,22EV0868-001-0,
CA_Christchurch,9/2/2022,135219,22EV0943-001-0,
CA_Christchurch,11/2/2022,223731,22EV1028-001-0,
CA_Christchurch,14/02/2022,348421,22EV1029-001-0,
CA_Christchurch,16/02/2022,245510,22EV1128-001-0,
CA_Christchurch,18/02/2022,200244,22CE0001-001-0,
CA_Christchurch,21/02/2022,184469,22CE0002-001-0,
CA_Christchurch,23/02/2022,166788,22CE0011-001-0,
CA_Christchurch,28/02/2022,141000,22CE0014-001-0,
CA_Christchurch,2/3/2022,144668,22CE0026-001-0,
CA_Christchurch,7/3/2022,142856,22CE0028-001-0,
CA_Christchurch,9/3/2022,134605,22CE0040-001-0,
CA_Christchurch,14/03/2022,132246,22CE0045-001-0,
CA_Christchurch,16/03/2022,128377,22CE0059-001-0,
CA_Christchurch,21/03/2022,133848,22CE0065-001-0,
CA_Christchurch,23/03/2022,172211,22CE0082-001-0,
CA_Christchurch,28/03/2022,143343,22CE0085-001-0,
CA_Christchurch,30/03/2022,136568,22CE0102-001-0,
CA_Christchurch,4/4/2022,130807,22CE0107-001-0,
CA_Christchurch,6/4/2022,145847,22CE0120-001-0,
CA_Christchurch,11/4/2022,141028,22CE0128-001-0,
CA_Christchurch,13/04/2022,143458,22CE0142-001-0,
CA_Christchurch,19/04/2022,130740,22CE0148-001-0,
CA_Christchurch,20/04/2022,134821,22CE0157-001-0,
CA_Christchurch,26/04/2022,132339,22CE0167-001-0,
CA_Christchurch,27/04/2022,132766,22CE0173-001-0,
CA_Christchurch,2/5/2022,141100,22CE0184-001-0,
CA_Christchurch,5/5/2022,145895,22CE0205-001-0,
CA_Christchurch,9/5/2022,144680,22CE0207-001-0,
CA_Christchurch,11/5/2022,160926,22CE0226-001-0,
CA_Christchurch,16/05/2022,151978,22CE0236-001-0,
CA_Christchurch,18/05/2022,155777,22CE0254-001-0,
CA_Christchurch,23/05/2022,143840,22CE0259-001-0,
CA_Christchurch,25/05/2022,152781,22CE0278-001-0,
CA_Christchurch,30/05/2022,165212,22CE0287-001-0,
CA_Christchurch,1/6/2022,157669,22CE0302-001-0,
CA_Christchurch,7/6/2022,138391,22CE0308-001-0,
CA_Christchurch,8/6/2022,142629,22CE0316-001-0,
CA_Christchurch,13/06/2022,149643,22CE0328-001-0,
CA_Christchurch,15/06/2022,153026,22CE0344-001-0,
CA_Christchurch,20/06/2022,150842,22CE0349-001-0,
CA_Christchurch,22/06/2022,157027,22CE0363-001-0,
CA_Christchurch,27/06/2022,134527,22EV4010-001-0,
CA_Christchurch,29/06/2022,104184,22EV4120-001-0,
CA_Christchurch,4/7/2022,152513,22EV4153-001-0,
CA_Christchurch,6/7/2022,157332,22EV4229-001-0,
CA_Christchurch,11/7/2022,192978,22EV4353-001-0,
CA_Christchurch,13/07/2022,492832,22EV4385-001-0,
CA_Christchurch,19/07/2022,195825,22EV4514-001-0,
CA_Christchurch,20/07/2022,178091,22EV4543-001-0,
CA_Christchurch,25/07/2022,235847,22EV4616-001-0,
CA_Christchurch,27/07/2022,613946,22EV4713-001-0,
CA_Christchurch,1/8/2022,441739,22EV4784-001-0,
CA_Kaiapoi,5/1/2022,4050,22EV0083-001-0,
CA_Kaiapoi,11/1/2022,3808,22EV0164-001-0,
CA_Kaiapoi,18/01/2022,3807,22EV0340-001-0,
CA_Kaiapoi,25/01/2022,3938,22EV0493-001-0,
CA_Kaiapoi,1/2/2022,3605,22EV0708-001-0,
CA_Kaiapoi,7/2/2022,6429,22EV0928-001-0,
CA_Kaiapoi,15/02/2022,10327,22EV1123-001-0,
CA_Kaiapoi,22/02/2022,5042,22CE0007-001-0,
CA_Kaiapoi,1/3/2022,4308,22CE0021-001-0,
CA_Kaiapoi,8/3/2022,4048,22EV1635-001-0,
CA_Kaiapoi,15/03/2022,4075,22CE0055-001-0,
CA_Kaiapoi,22/03/2022,3806,22CE0071-001-0,
CA_Kaiapoi,29/03/2022,3935,22CE0095-001-0,
CA_Kaiapoi,5/4/2022,3790,22CE0115-001-0,
CA_Kaiapoi,12/4/2022,4061,22CE0137-001-0,
CA_Kaiapoi,19/04/2022,3808,22CE0150-001-0,
CA_Kaiapoi,26/04/2022,6664,22CE0168-001-0,
CA_Kaiapoi,3/5/2022,4396,22CE0194-001-0,
CA_Kaiapoi,10/5/2022,3994,22CE0219-001-0,
CA_Kaiapoi,17/05/2022,3951,22CE0245-001-0,
CA_Kaiapoi,24/05/2022,3844,22CE0269-001-0,
CA_Kaiapoi,31/05/2022,3751,22CE0297-001-0,
CA_Kaiapoi,7/6/2022,5173,22CE0311-001-0,
CA_Kaiapoi,14/06/2022,4135,22CE0337-001-0,
CA_Kaiapoi,21/06/2022,,22CE0358-001-0,
CA_Kaiapoi,28/06/2022,,22EV4122-001-0,
CA_Kaiapoi,5/7/2022,,22EV4198-001-0,
CA_Kaiapoi,12/7/2022,,22EV4387-001-0,
CA_Leeston,5/1/2022,1058,22EV0100-002-0,
CA_Leeston,10/1/2022,980,22EV0135-001-0,
CA_Leeston,17/01/2022,892,22EV0290-002-0,
CA_Leeston,24/01/2022,901,22EV0453-001-0,
CA_Leeston,31/01/2022,960,22EV0709-001-0,
CA_Leeston,8/2/2022,1057,22EV0940-001-0,
CA_Leeston,14/02/2022,2410,22EV1083-001-0,
CA_Leeston,21/02/2022,1345,22CE0004-001-0,
CA_Leeston,28/02/2022,1176,22CE0017-001-0,
CA_Leeston,7/3/2022,998,22CE0031-001-0,
CA_Leeston,14/03/2022,965,22CE0047-001-0,
CA_Leeston,21/03/2022,1047,22CE0068-001-0,
CA_Leeston,28/03/2022,1072,22CE0088-001-0,
CA_Leeston,4/4/2022,934,22CE0109-001-0,
CA_Leeston,13/04/2022,924,22CE0144-001-0,
CA_Leeston,20/04/2022,898,22CE0160-001-0,
CA_Leeston,27/04/2022,843,22CE0176-001-0,
CA_Leeston,2/5/2022,877,22CE0185-001-0,
CA_Leeston,9/5/2022,928,22CE0214-001-0,
CA_Leeston,16/05/2022,956,22CE0239-001-0,
CA_Leeston,23/05/2022,922,22CE0262-001-0,
CA_Leeston,30/05/2022,999,22CE0290-001-0,
CA_Leeston,7/6/2022,980,22CE0317-001-0,
CA_Leeston,13/06/2022,979,22CE0329-001-0,
CA_Leeston,20/06/2022,,22CE0350-001-0,
CA_Leeston,27/06/2022,,22EV4013-001-0,
CA_Leeston,4/7/2022,,22EV4155-001-0,
CA_Leeston,11/7/2022,,22EV4355-001-0,
CA_Rangiora,5/1/2022,6221,22EV0083-002-0,
CA_Rangiora,11/1/2022,6391,22EV0164-002-0,
CA_Rangiora,18/01/2022,6204,22EV0340-002-0,
CA_Rangiora,25/01/2022,6657,22EV0494-001-0,
CA_Rangiora,1/2/2022,6070,22EV0710-001-0,
CA_Rangiora,7/2/2022,7360,22EV0929-001-0,
CA_Rangiora,15/02/2022,8636,22EV1124-001-0,
CA_Rangiora,22/02/2022,7407,22CE0008-001-0,
CA_Rangiora,1/3/2022,6882,22CE0022-001-0,
CA_Rangiora,8/3/2022,6841,22EV1636-001-0,
CA_Rangiora,15/03/2022,6722,22CE0056-001-0,
CA_Rangiora,17/03/2022,6720,22CE0064-001-0,
CA_Rangiora,21/03/2022,7031,22CE0072-001-0,
CA_Rangiora,23/03/2022,7041,22CE0081-001-0,
CA_Rangiora,28/03/2022,6715,22CE0090-001-0,
CA_Rangiora,30/03/2022,6667,22CE0103-001-0,
CA_Rangiora,4/4/2022,6575,22CE0114-001-0,
CA_Rangiora,7/4/2022,6885,22CE0126-001-0,
CA_Rangiora,11/4/2022,6376,22CE0130-001-0,
CA_Rangiora,13/04/2022,6428,22CE0143-001-0,
CA_Rangiora,19/04/2022,6108,22CE0151-001-0,
CA_Rangiora,21/04/2022,5893,22CE0165-001-0,
CA_Rangiora,26/04/2022,6115,22CE0169-001-0,
CA_Rangiora,28/04/2022,5925,22CE0183-001-0,
CA_Rangiora,2/5/2022,6014,22CE0195-001-0,
CA_Rangiora,5/5/2022,5964,22CE0206-001-0,
CA_Rangiora,9/5/2022,6529,22CE0210-001-0,
CA_Rangiora,12/5/2022,6188,22CE0232-001-0,
CA_Rangiora,16/05/2022,8942,22CE0240-001-0,
CA_Rangiora,19/05/2022,7090,22CE0258-001-0,
CA_Rangiora,23/05/2022,6565,22CE0266-001-0,
CA_Rangiora,26/05/2022,6267,22CE0284-001-0,
CA_Rangiora,31/05/2022,6568,22CE0298-001-0,
CA_Rangiora,2/6/2022,6505,22CE0306-001-0,
CA_Rangiora,7/6/2022,6406,22CE0312-001-0,
CA_Rangiora,9/6/2022,6159,22CE0327-001-0,
CA_Rangiora,14/06/2022,6752,22CE0338-001-0,
CA_Rangiora,16/06/2022,6329,22CE0347-001-0,
CA_Rangiora,21/06/2022,,22CE0359-001-0,
CA_Rangiora,22/06/2022,,22CE0365-001-0,
CA_Rangiora,28/06/2022,,22EV4123-001-0,
CA_Rangiora,30/06/2022,,22EV4124-001-0,
CA_Rangiora,5/7/2022,,22EV4196-001-0,
CA_Rangiora,7/7/2022,,22EV4288-001-0,
CA_Rangiora,12/7/2022,,22EV4386-001-0,
CA_Rolleston,5/1/2022,8272,22EV0100-003-0,
CA_Rolleston,10/1/2022,8532,22EV0135-002-0,
CA_Rolleston,17/01/2022,8628,22EV0290-003-0,
CA_Rolleston,24/01/2022,8471,22EV0454-001-0,
CA_Rolleston,31/01/2022,9115,22EV0711-001-0,
CA_Rolleston,9/2/2022,9131,22EV0941-001-0,
CA_Rolleston,14/02/2022,13800,22EV1084-001-0,
CA_Rolleston,21/02/2022,9606,22CE0005-001-0,
CA_Rolleston,28/02/2022,9092,22CE0018-001-0,
CA_Rolleston,7/3/2022,10005,22CE0032-001-0,
CA_Rolleston,14/03/2022,9406,22CE0048-001-0,
CA_Rolleston,15/03/2022,8840,22CE0058-001-0,
CA_Rolleston,21/03/2022,9466,22CE0069-001-0,
CA_Rolleston,28/03/2022,9639,22CE0089-001-0,
CA_Rolleston,30/03/2022,8940,22CE0100-001-0,
CA_Rolleston,4/4/2022,8558,22CE0110-001-0,
CA_Rolleston,6/4/2022,9140,22CE0121-001-0,
CA_Rolleston,11/4/2022,9500,22CE0131-001-0,
CA_Rolleston,13/04/2022,8793,22CE0145-001-0,
CA_Rolleston,20/04/2022,8576,22CE0161-001-0,
CA_Rolleston,27/04/2022,8360,22CE0177-001-0,
CA_Rolleston,2/5/2022,9380,22CE0186-001-0,
CA_Rolleston,4/5/2022,8417,22CE0202-001-0,
CA_Rolleston,9/5/2022,8763,22CE0215-001-0,
CA_Rolleston,11/5/2022,8647,22CE0227-001-0,
CA_Rolleston,16/05/2022,9084,22CE0243-001-0,
CA_Rolleston,18/05/2022,8678,22CE0253-001-0,
CA_Rolleston,23/05/2022,9442,22CE0263-001-0,
CA_Rolleston,25/05/2022,8270,22CE0279-001-0,
CA_Rolleston,30/05/2022,9237,22CE0291-001-0,
CA_Rolleston,1/6/2022,8722,22CE0303-001-0,
CA_Rolleston,7/6/2022,9316,22CE0318-001-0,
CA_Rolleston,9/6/2022,8371,22CE0326-001-0,
CA_Rolleston,13/06/2022,8971,22CE0330-001-0,
CA_Rolleston,15/06/2022,8778,22CE0345-001-0,
CA_Rolleston,20/06/2022,,22CE0351-001-0,
CA_Rolleston,22/06/2022,,22CE0364-001-0,
CA_Rolleston,27/06/2022,,22EV4014-001-0,
CA_Rolleston,29/06/2022,,22EV4126-001-0,
CA_Rolleston,4/7/2022,,22EV4156-001-0,
CA_Rolleston,6/7/2022,,22EV4231-001-0,
CA_Rolleston,11/7/2022,,22EV4356-001-0,
CA_Rolleston,13/07/2022,,22EV4389-001-0,
CA_Timaru,5/1/2022,8157,22EV0057-001-0,
CA_Timaru,18/01/2022,7976,22EV0349-001-0,
CA_Timaru,25/01/2022,8951,22EV0539-001-0,
CA_Timaru,1/2/2022,7971,22EV0713-001-0,
CA_Timaru,8/2/2022,8610,22EV0927-001-0,
CA_Timaru,15/02/2022,9168,22EV1092-001-0,
CA_Timaru,22/02/2022,8339,22CE0010-001-0,
CA_Timaru,1/3/2022,8231,22CE0024-001-0,
CA_Timaru,8/3/2022,10568,22CE0039-001-0,
CA_Timaru,14/03/2022,9137,22CE0050-001-0,
CA_Timaru,22/03/2022,10978,22CE0079-001-0,
CA_Timaru,29/03/2022,8073,22CE0101-001-0,
CA_Timaru,5/4/2022,8614,22CE0119-001-0,
CA_Timaru,12/4/2022,8471,22CE0141-001-0,
CA_Timaru,20/04/2022,8197,22CE0164-001-0,
CA_Timaru,27/04/2022,8150,22CE0181-001-0,
CA_Timaru,3/5/2022,,22CE0201-001-0,
CA_Timaru,10/5/2022,,22CE0218-001-0,
CA_Timaru,17/05/2022,,22CE0248-001-0,
CA_Timaru,24/05/2022,,22CE0277-001-0,
CA_Timaru,8/6/2022,8838,22CE0320-001-0,
CA_Timaru,14/06/2022,8907,22CE0342-001-0,
CA_Timaru,22/06/2022,8031,22CE0369-001-0,
CA_Timaru,29/06/2022,9681,22EV4127-001-0,
CA_Timaru,5/7/2022,8331,22EV4232-001-0,
CA_Timaru,12/7/2022,10472,22EV4357-001-0,
CA_Timaru,7/19/2022,10065,22EV4517-001-0,
CA_Timaru,27/07/2022,62773,22EV4718-001-0,
CA_Timaru,8/3/2022,9683,22EV4869-001-0,
CA_Woodend,5/1/2022,2262,22EV0083-003-0,
CA_Woodend,11/1/2022,2156,22EV0164-003-0,
CA_Woodend,18/01/2022,2099,22EV0340-003-0,
CA_Woodend,25/01/2022,2156,22EV0495-001-0,
CA_Woodend,1/2/2022,2086,22EV0714-001-0,
CA_Woodend,7/2/2022,2333,22EV0930-001-0,
CA_Woodend,15/02/2022,5125,22EV1125-001-0,
CA_Woodend,22/02/2022,3037,22CE0009-001-0,
CA_Woodend,1/3/2022,2394,22CE0023-001-0,
CA_Woodend,8/3/2022,2471,22EV1637-001-0,
CA_Woodend,15/03/2022,2251,22CE0057-001-0,
CA_Woodend,22/03/2022,2797,22CE0073-001-0,
CA_Woodend,29/03/2022,2191,22CE0096-001-0,
CA_Woodend,5/4/2022,2369,22CE0116-001-0,
CA_Woodend,12/4/2022,2068,22CE0138-001-0,
CA_Woodend,19/04/2022,2168,22CE0152-001-0,
CA_Woodend,26/04/2022,2068,22CE0170-001-0,
CA_Woodend,3/5/2022,1704,22CE0196-001-0,
CA_Woodend,10/5/2022,1687,22CE0220-001-0,
CA_Woodend,17/05/2022,2139,22CE0246-001-0,
CA_Woodend,24/05/2022,2135,22CE0270-001-0,
CA_Woodend,31/05/2022,2227,22CE0299-001-0,
CA_Woodend,7/6/2022,2200,22CE0313-001-0,
CA_Woodend,14/06/2022,1739,22CE0339-001-0,
CA_Woodend,21/06/2022,,22CE0360-001-0,
CA_Woodend,28/06/2022,,22EV4125-001-0,
CA_Woodend,5/7/2022,,22EV4197-001-0,
CA_Woodend,12/7/2022,,22EV4388-001-0,
GI_Gisborne,17/01/2022,10377,22EV0296-001-0,
GI_Gisborne,24/01/2022,10277,22EV0439-001-0,
GI_Gisborne,26/01/2022,11154,22EV0558-001-0,
GI_Gisborne,3/2/2022,10296,22EV0802-001-0,
GI_Gisborne,8/2/2022,30996,22EV0871-001-0,
GI_Gisborne,9/2/2022,20422,22EV0944-001-0,
GI_Gisborne,14/02/2022,12771,22EV1023-001-0,
GI_Gisborne,16/02/2022,13163,22EV1216-001-0,
GI_Gisborne,21/02/2022,14584,22EV1219-001-0,
GI_Gisborne,23/02/2022,12921,22EV1333-001-0,
GI_Gisborne,2/3/2022,11674,22EV1485-001-0,
GI_Gisborne,3/3/2022,11479,22EV1510-001-0,
GI_Gisborne,8/3/2022,10774,22EV1614-001-0,
GI_Gisborne,14/03/2022,9611,22EV1772-001-0,
GI_Gisborne,16/03/2022,11112,22EV1849-001-0,
GI_Gisborne,21/03/2022,11260,22EV1932-001-0,
GI_Gisborne,23/03/2022,21994,22EV1996-001-0,
GI_Gisborne,28/03/2022,18085,22EV2147-001-0,
GI_Gisborne,30/03/2022,29109,22EV2159-001-0,
GI_Gisborne,4/4/2022,20994,22EV2253-001-0,
GI_Gisborne,6/4/2022,20944,22EV2350-001-0,
GI_Gisborne,11/4/2022,16894,22EV2407-001-0,
GI_Gisborne,13/04/2022,16428,22EV2487-001-0,
GI_Gisborne,18/04/2022,20784,22EV2562-001-0,
GI_Gisborne,20/04/2022,20091,22EV2607-001-0,
GI_Gisborne,25/04/2022,16602,22EV2778-001-0,
GI_Gisborne,2/5/2022,15276,22EV2833-001-0,
GI_Gisborne,4/5/2022,14303,22EV2910-001-0,
GI_Gisborne,9/5/2022,13623,22EV2985-001-0,
GI_Gisborne,11/5/2022,19465,22EV3075-001-0,
GI_Gisborne,16/05/2022,15621,22EV3139-001-0,
GI_Gisborne,17/05/2022,15667,22EV3242-001-0,
GI_Gisborne,23/05/2022,13799,22EV3295-001-0,
GI_Gisborne,25/05/2022,13100,22EV3351-001-0,
GI_Gisborne,30/05/2022,14520,22EV3459-001-0,
GI_Gisborne,1/6/2022,22692,22EV3510-001-0,
GI_Gisborne,7/6/2022,19779,22EV3580-001-0,
GI_Gisborne,9/6/2022,17559,22EV3703-001-0,
GI_Gisborne,13/06/2022,15145,22EV3719-001-0,
GI_Gisborne,15/06/2022,15010,22EV3796-001-0,
GI_Gisborne,20/06/2022,24147,22EV3858-001-0,
GI_Gisborne,22/06/2022,,22EV3974-001-0,
GI_Gisborne,27/06/2022,,22EV3987-001-0,
GI_Gisborne,29/06/2022,,22EV4103-001-0,
GI_Gisborne,4/7/2022,,22EV4144-001-0,
GI_Gisborne,5/7/2022,,22EV4216-001-0,
GI_Gisborne,11/7/2022,12799,22EV4300-001-0,
GI_Gisborne,13/07/2022,27777,22EV4370-001-0,
GI_Gisborne,1/8/2022,14096,22EV4779-001-0,
GI_Gisborne,8/3/2022,13832,22EV4848-001-0,
HB_Hastings,6/1/2022,28148,22EV0088-001-0,
HB_Hastings,11/1/2022,30387,22EV0146-001-0,
HB_Hastings,12/1/2022,30755,22EV0187-001-0,
HB_Hastings,18/01/2022,30495,22EV0323-001-0,
HB_Hastings,19/01/2022,31909,22EV0364-001-0,
HB_Hastings,25/01/2022,30581,22EV0499-001-0,
HB_Hastings,26/01/2022,34089,22EV0559-001-0,
HB_Hastings,1/2/2022,30168,22EV0680-001-0,
HB_Hastings,2/2/2022,31342,22EV0725-001-0,
HB_Hastings,9/2/2022,52418,22EV0917-001-0,
HB_Hastings,10/2/2022,45711,22EV0976-001-0,
HB_Hastings,15/02/2022,38152,22EV1053-001-0,
HB_Hastings,16/02/2022,34490,22EV1130-001-0,
HB_Hastings,22/02/2022,30509,22EV1327-001-0,
HB_Hastings,23/02/2022,29642,22EV1305-001-0,
HB_Hastings,2/3/2022,33769,22EV1460-001-0,
HB_Hastings,3/3/2022,34195,22EV1511-001-0,
HB_Hastings,8/3/2022,32457,22EV1615-001-0,
HB_Hastings,9/3/2022,33533,22EV1647-001-0,
HB_Hastings,15/03/2022,32352,22EV1780-001-0,
HB_Hastings,16/03/2022,33073,22EV1881-001-0,
HB_Hastings,22/03/2022,40997,22EV1953-001-0,
HB_Hastings,23/03/2022,51354,22EV2037-001-0,
HB_Hastings,29/03/2022,48982,22EV2160-001-0,
HB_Hastings,30/03/2022,53354,22EV2161-001-0,
HB_Hastings,5/4/2022,41139,22EV2283-001-0,
HB_Hastings,6/4/2022,43003,22EV2320-001-0,
HB_Hastings,12/4/2022,39824,22EV2441-001-0,
HB_Hastings,13/04/2022,44748,22EV2488-001-0,
HB_Hastings,20/04/2022,38889,22EV2608-001-0,
HB_Hastings,21/04/2022,40549,22EV2654-001-0,
HB_Hastings,27/04/2022,38333,22EV2736-001-0,
HB_Hastings,28/04/2022,39102,22EV2779-001-0,
HB_Hastings,3/5/2022,33656,22EV2851-001-0,
HB_Hastings,4/5/2022,34607,22EV2911-001-0,
HB_Hastings,10/5/2022,30598,22EV3016-001-0,
HB_Hastings,11/5/2022,32602,22EV3076-001-0,
HB_Hastings,17/05/2022,36863,22EV3169-001-0,
HB_Hastings,18/05/2022,36423,22EV3226-001-0,
HB_Hastings,24/05/2022,34499,22EV3324-001-0,
HB_Hastings,25/05/2022,35269,22EV3352-001-0,
HB_Hastings,31/05/2022,39663,22EV3460-001-0,
HB_Hastings,1/6/2022,41332,22EV3511-001-0,
HB_Hastings,9/6/2022,35835,22EV3668-001-0,
HB_Hastings,10/6/2022,34756,22EV3707-001-0,
HB_Hastings,14/06/2022,33246,22EV3745-001-0,
HB_Hastings,15/06/2022,31953,22EV3797-001-0,
HB_Hastings,21/06/2022,,22EV3886-001-0,
HB_Hastings,22/06/2022,,22EV3947-001-0,
HB_Hastings,28/06/2022,,22EV4018-001-0,
HB_Hastings,29/06/2022,,22EV4068-001-0,
HB_Hastings,5/7/2022,,22EV4172-001-0,
HB_Hastings,6/7/2022,,22EV4217-001-0,
HB_Hastings,12/7/2022,,22EV4328-001-0,
HB_Hastings,13/07/2022,,22EV4376-001-0,
HB_Hastings,2/8/2022,34995,22EV4802-001-0,
HB_Hastings,8/3/2022,28357,22EV4849-001-0,
HB_Napier,18/01/2022,17661,22EV0324-001-0,
HB_Napier,19/01/2022,18037,22EV0365-001-0,
HB_Napier,1/2/2022,18024,22EV0681-001-0,
HB_Napier,14/02/2022,65648,22EV1024-001-0,
HB_Napier,15/02/2022,47656,22EV1054-001-0,
HB_Napier,16/02/2022,37819,22EV1132-001-0,
HB_Napier,21/02/2022,25502,22EV1221-001-0,
HB_Napier,22/02/2022,25396,22EV1253-001-0,
HB_Napier,23/02/2022,24190,22EV1332-001-0,
HB_Napier,28/02/2022,21507,22EV1396-001-0,
HB_Napier,1/3/2022,21375,22EV1413-001-0,
HB_Napier,2/3/2022,21190,22EV1462-001-0,
HB_Napier,7/3/2022,19974,22EV1597-001-0,
HB_Napier,8/3/2022,19893,22EV1616-001-0,
HB_Napier,9/3/2022,19293,22EV1646-001-0,
HB_Napier,14/03/2022,19671,22EV1749-001-0,
HB_Napier,15/03/2022,19465,22EV1781-001-0,
HB_Napier,16/03/2022,19747,22EV1854-001-0,
HB_Napier,21/03/2022,20489,22EV1917-001-0,
HB_Napier,22/03/2022,22326,22EV1954-001-0,
HB_Napier,23/03/2022,47030,22EV1997-001-0,
HB_Napier,28/03/2022,47099,22EV2095-001-0,
HB_Napier,29/03/2022,41221,22EV2121-001-0,
HB_Napier,30/03/2022,41695,22EV2162-001-0,
HB_Napier,4/4/2022,27678,22EV2284-001-0,
HB_Napier,5/4/2022,26748,22EV2285-001-0,
HB_Napier,6/4/2022,26227,22EV2321-001-0,
HB_Napier,11/4/2022,22630,22EV2408-001-0,
HB_Napier,12/4/2022,23145,22EV2442-001-0,
HB_Napier,13/04/2022,26869,22EV2489-001-0,
HB_Napier,18/04/2022,21449,22EV2563-001-0,
HB_Napier,19/04/2022,22248,22EV2564-001-0,
HB_Napier,20/04/2022,22774,22EV2609-001-0,
HB_Napier,25/04/2022,20161,22EV2700-001-0,
HB_Napier,26/04/2022,20850,22EV2701-001-0,
HB_Napier,27/04/2022,20611,22EV2737-001-0,
HB_Napier,2/5/2022,20404,22EV2834-001-0,
HB_Napier,3/5/2022,20146,22EV2852-001-0,
HB_Napier,4/5/2022,19843,22EV2912-001-0,
HB_Napier,10/5/2022,20870,22EV3017-001-0,
HB_Napier,11/5/2022,21420,22EV3077-001-0,
HB_Napier,12/5/2022,20424,22EV3104-001-0,
HB_Napier,16/05/2022,21241,22EV3151-001-0,
HB_Napier,18/05/2022,20898,22EV3227-001-0,
HB_Napier,23/05/2022,19658,22EV3296-001-0,
HB_Napier,24/05/2022,19626,22EV3325-001-0,
HB_Napier,25/05/2022,19511,22EV3353-001-0,
HB_Napier,30/05/2022,24490,22EV3431-001-0,
HB_Napier,31/05/2022,28702,22EV3461-001-0,
HB_Napier,1/6/2022,25718,22EV3512-001-0,
HB_Napier,6/6/2022,21771,22EV3581-001-0,
HB_Napier,7/6/2022,22329,22EV3582-001-0,
HB_Napier,8/6/2022,22211,22EV3643-001-0,
HB_Napier,13/06/2022,21938,22EV3720-001-0,
HB_Napier,14/06/2022,21778,22EV3746-001-0,
HB_Napier,15/06/2022,21348,22EV3798-001-0,
HB_Napier,20/06/2022,33731,22EV3859-001-0,
HB_Napier,21/06/2022,32275,22EV3887-001-0,
HB_Napier,22/06/2022,30077,22EV3948-001-0,
HB_Napier,27/06/2022,23493,22EV3988-001-0,
HB_Napier,28/06/2022,22760,22EV4019-001-0,
HB_Napier,29/06/2022,22315,22EV4069-001-0,
HB_Napier,4/7/2022,20734,22EV4145-001-0,
HB_Napier,5/7/2022,20536,22EV4173-001-0,
HB_Napier,6/7/2022,20449,22EV4218-001-0,
HB_Napier,11/7/2022,26892,22EV4301-001-0,
HB_Napier,13/07/2022,49175,22EV4377-001-0,
HB_Napier,18/07/2022,26870,22EV4465-001-0,
HB_Napier,20/07/2022,28203,22EV4569-001-0,
HB_Napier,20/07/2022,28203,22EV4605-001-0,
HB_Napier,25/07/2022,27847,22EV4704-001-0,
HB_Napier,27/07/2022,36016,22EV4780-001-0,
MA_Blenheim,11/1/2022,15425,22EV0178-001-0,
MA_Blenheim,18/01/2022,14377,22EV0346-001-0,
MA_Blenheim,25/01/2022,14042,22EV0536-001-0,
MA_Blenheim,1/2/2022,14382,22EV0705-001-0,
MA_Blenheim,8/2/2022,16909,22EV0925-001-0,
MA_Blenheim,14/02/2022,27734,22EV1032-001-0,
MA_Blenheim,15/02/2022,22787,22EV1088-001-0,
MA_Blenheim,17/02/2022,19966,22EV1194-001-0,
MA_Blenheim,22/02/2022,19869,22EV1251-001-0,
MA_Blenheim,24/02/2022,18837,22EV1363-001-0,
MA_Blenheim,1/3/2022,18344,22EV1486-001-0,
MA_Blenheim,3/3/2022,18167,22EV1558-001-0,
MA_Blenheim,8/3/2022,17586,22EV1658-001-0,
MA_Blenheim,10/3/2022,17563,22EV1717-001-0,
MA_Blenheim,15/03/2022,17142,22EV1847-001-0,
MA_Blenheim,17/03/2022,16698,22EV1900-001-0,
MA_Blenheim,22/03/2022,18922,22EV1979-001-0,
MA_Blenheim,24/03/2022,17266,22EV2064-001-0,
MA_Blenheim,29/03/2022,16447,22EV2148-001-0,
MA_Blenheim,31/03/2022,15837,22EV2239-001-0,
MA_Blenheim,5/4/2022,15193,22EV2306-001-0,
MA_Blenheim,7/4/2022,15505,22EV2387-001-0,
MA_Blenheim,12/4/2022,15424,22EV2466-001-0,
MA_Blenheim,21/04/2022,15039,22EV2676-001-0,
MA_Blenheim,28/04/2022,12400,22EV2806-001-0,
MA_Blenheim,3/5/2022,13640,22EV2879-001-0,
MA_Blenheim,5/5/2022,13479,22EV2961-001-0,
MA_Blenheim,10/5/2022,15484,22EV3048-001-0,
MA_Blenheim,12/5/2022,13805,22EV3120-001-0,
MA_Blenheim,17/05/2022,14407,22EV3203-001-0,
MA_Blenheim,19/05/2022,14798,22EV3277-001-0,
MA_Blenheim,24/05/2022,14574,22EV3337-001-0,
MA_Blenheim,26/05/2022,13479,22EV3410-001-0,
MA_Blenheim,31/05/2022,14941,22EV3487-001-0,
MA_Blenheim,8/6/2022,16825,22EV3690-001-0,
MA_Blenheim,14/06/2022,19879,22EV3774-001-0,
MA_Blenheim,16/06/2022,17564,22EV3842-001-0,
MA_Blenheim,21/06/2022,16765,22EV3915-001-0,
MA_Blenheim,30/06/2022,29183,22EV4128-001-0,
MA_Blenheim,5/7/2022,17364,22EV4233-001-0,
MA_Blenheim,7/7/2022,17192,22EV4287-001-0,
MA_Blenheim,12/7/2022,19111,22EV4390-001-0,
MA_Blenheim,14/07/2022,42641,22EV4439-001-0,
MA_Blenheim,7/19/2022,24352,22EV4519-001-0,
MA_Blenheim,21/07/2022,24042,22EV4587-001-0,
MA_Blenheim,2/8/2022,43276,22EV4825-001-0,
MA_Blenheim,4/8/2022,38265,22EV4910-001-0,
MA_Picton,11/1/2022,1024,22EV0179-001-0,
MA_Picton,18/01/2022,968,22EV0347-001-0,
MA_Picton,25/01/2022,1334,22EV0537-001-0,
MA_Picton,1/2/2022,830,22EV0706-001-0,
MA_Picton,8/2/2022,1396,22EV0926-001-0,
MA_Picton,15/02/2022,1654,22EV1089-001-0,
MA_Picton,22/02/2022,1192,22EV1252-001-0,
MA_Picton,1/3/2022,942,22EV1487-001-0,
MA_Picton,8/3/2022,914,22EV1659-001-0,
MA_Picton,15/03/2022,838,22EV1848-001-0,
MA_Picton,5/4/2022,1090,22EV2307-001-0,
MA_Picton,12/4/2022,848,22EV2467-001-0,
MA_Picton,21/04/2022,1252,22EV2677-001-0,
MA_Picton,10/5/2022,1944,22EV3047-001-0,
MA_Picton,17/05/2022,1062,22EV3202-001-0,
MA_Picton,24/05/2022,996,22EV3338-001-0,
MA_Picton,31/05/2022,1106,22EV3488-001-0,
MA_Picton,9/6/2022,4702,22EV3691-001-0,
MA_Picton,21/06/2022,,22EV3911-001-0,
MA_Picton,28/06/2022,726,22EV4044-001-0,
MA_Picton,5/7/2022,,22EV4234-001-0,
MA_Picton,14/07/2022,1482,22EV4440-001-0,
MA_Picton,26/07/2022,3534,22EV4671-001-0,
MW_Dannevirke,12/1/2022,,22EV0191-001-0,
MW_Dannevirke,13/01/2022,,22EV0243-001-0,
MW_Dannevirke,17/01/2022,,22EV0280-001-0,
MW_Dannevirke,20/01/2022,,22EV0400-001-0,
MW_Dannevirke,26/01/2022,,22EV0543-001-0,
MW_Dannevirke,27/01/2022,,22EV0612-001-0,
MW_Dannevirke,31/01/2022,,22EV0641-001-0,
MW_Dannevirke,2/2/2022,,22EV0731-001-0,
MW_Dannevirke,3/2/2022,,22EV0804-001-0,
MW_Dannevirke,8/2/2022,,22EV0842-001-0,
MW_Dannevirke,9/2/2022,,22EV0904-001-0,
MW_Dannevirke,15/02/2022,,22EV1058-001-0,
MW_Dannevirke,17/02/2022,,22EV1164-001-0,
MW_Dannevirke,21/02/2022,,22EV1229-001-0,
MW_Dannevirke,1/3/2022,,22EV1419-001-0,
MW_Dannevirke,3/3/2022,,22EV1517-001-0,
MW_Dannevirke,8/3/2022,,22EV1622-001-0,
MW_Dannevirke,10/3/2022,,22EV1694-001-0,
MW_Dannevirke,15/03/2022,,22EV1784-001-0,
MW_Dannevirke,17/03/2022,,22EV1883-001-0,
MW_Dannevirke,22/03/2022,,22EV1961-001-0,
MW_Dannevirke,24/03/2022,,22EV2041-001-0,
MW_Dannevirke,31/03/2022,,22EV2219-001-0,
MW_Dannevirke,5/4/2022,,22EV2289-001-0,
MW_Dannevirke,6/4/2022,,22EV2377-001-0,
MW_Dannevirke,12/4/2022,,22EV2473-001-0,
MW_Dannevirke,19/04/2022,,22EV2568-001-0,
MW_Dannevirke,21/04/2022,,22EV2664-001-0,
MW_Dannevirke,27/04/2022,,22EV2768-001-0,
MW_Dannevirke,28/04/2022,,22EV2786-001-0,
MW_Dannevirke,3/5/2022,,22EV2858-001-0,
MW_Dannevirke,5/5/2022,,22EV2950-001-0,
MW_Dannevirke,10/5/2022,,22EV3022-001-0,
MW_Dannevirke,12/5/2022,,22EV3108-001-0,
MW_Dannevirke,17/05/2022,,22EV3181-001-0,
MW_Dannevirke,19/05/2022,,22EV3260-001-0,
MW_Dannevirke,23/05/2022,,22EV3300-001-0,
MW_Dannevirke,31/05/2022,,22EV3468-001-0,
MW_Dannevirke,2/6/2022,,22EV3547-001-0,
MW_Dannevirke,7/6/2022,,22EV3591-001-0,
MW_Dannevirke,9/6/2022,,22EV3676-001-0,
MW_Dannevirke,14/06/2022,,22EV3754-001-0,
MW_Dannevirke,16/06/2022,,22EV3823-001-0,
MW_Dannevirke,21/06/2022,,22EV3895-001-0,
MW_Dannevirke,22/06/2022,,22EV3955-001-0,
MW_Dannevirke,30/06/2022,,22EV4107-001-0,
MW_Dannevirke,5/7/2022,,22EV4178-001-0,
MW_Dannevirke,7/7/2022,,22EV4262-001-0,
MW_Dannevirke,11/7/2022,,22EV4302-001-0,
MW_Dannevirke,14/07/2022,,22EV4421-001-0,
MW_Dannevirke,19/07/2022,,22EV4533-001-0,
MW_Dannevirke,21/07/2022,,22EV4573-001-0,
MW_Dannevirke,26/07/2022,,22EV4650-001-0,
MW_Dannevirke,27/07/2022,,22EV4708-001-0,
MW_Dannevirke,2/8/2022,,22EV4810-001-0,
MW_Dannevirke,3/8/2022,,22EV4851-001-0,
MW_Eketahuna,12/1/2022,,22EV0191-002-0,
MW_Eketahuna,20/01/2022,,22EV0401-001-0,
MW_Eketahuna,27/01/2022,,22EV0613-001-0,
MW_Eketahuna,3/2/2022,,22EV0805-001-0,
MW_Eketahuna,9/2/2022,,22EV0905-001-0,
MW_Eketahuna,17/02/2022,,22EV1165-001-0,
MW_Eketahuna,21/02/2022,,22EV1231-001-0,
MW_Eketahuna,3/3/2022,,22EV1518-001-0,
MW_Eketahuna,10/3/2022,,22EV1696-001-0,
MW_Eketahuna,15/03/2022,,22EV1787-001-0,
MW_Eketahuna,17/03/2022,,22EV1886-001-0,
MW_Eketahuna,22/03/2022,,22EV1962-001-0,
MW_Eketahuna,24/03/2022,,22EV2038-001-0,
MW_Eketahuna,31/03/2022,,22EV2220-001-0,
MW_Eketahuna,6/4/2022,,22EV2379-001-0,
MW_Eketahuna,19/04/2022,,22EV2569-001-0,
MW_Eketahuna,21/04/2022,,22EV2665-001-0,
MW_Eketahuna,28/04/2022,,22EV2785-001-0,
MW_Eketahuna,5/5/2022,,22EV2951-001-0,
MW_Eketahuna,12/5/2022,,22EV3109-001-0,
MW_Eketahuna,17/05/2022,,22EV3182-001-0,
MW_Eketahuna,19/05/2022,,22EV3261-001-0,
MW_Eketahuna,23/05/2022,,22EV3302-001-0,
MW_Eketahuna,9/6/2022,,22EV3677-001-0,
MW_Eketahuna,16/06/2022,,22EV3824-001-0,
MW_Eketahuna,22/06/2022,,22EV3956-001-0,
MW_Eketahuna,30/06/2022,,22EV4108-001-0,
MW_Eketahuna,7/7/2022,,22EV4263-001-0,
MW_Eketahuna,11/7/2022,,22EV4303-001-0,
MW_Eketahuna,21/07/2022,,22EV4574-001-0,
MW_Eketahuna,26/07/2022,,22EV4651-001-0,
MW_Eketahuna,2/8/2022,,22EV4811-001-0,
MW_Levin,8/2/2022,9088,22EV0831-001-0,
MW_Levin,10/2/2022,9284,22EV0978-001-0,
MW_Levin,15/02/2022,11522,22EV1041-001-0,
MW_Levin,17/02/2022,9285,22EV1157-001-0,
MW_Levin,22/02/2022,10983,22EV1244-001-0,
MW_Levin,24/02/2022,9567,22EV1348-001-0,
MW_Levin,1/3/2022,7274,22EV1407-001-0,
MW_Levin,3/3/2022,7176,22EV1496-001-0,
MW_Levin,8/3/2022,6629,22EV1602-001-0,
MW_Levin,10/3/2022,6357,22EV1689-001-0,
MW_Levin,15/03/2022,6737,22EV1773-001-0,
MW_Levin,17/03/2022,6320,22EV1872-001-0,
MW_Levin,22/03/2022,7845,22EV1936-001-0,
MW_Levin,24/03/2022,6624,22EV2029-001-0,
MW_Levin,29/03/2022,7978,22EV2116-001-0,
MW_Levin,31/03/2022,6977,22EV2198-001-0,
MW_Levin,5/4/2022,8327,22EV2278-001-0,
MW_Levin,7/4/2022,9036,22EV2361-001-0,
MW_Levin,12/4/2022,5758,22EV2432-001-0,
MW_Levin,20/04/2022,6019,22EV2586-001-0,
MW_Levin,27/04/2022,8211,22EV2726-001-0,
MW_Levin,3/5/2022,8221,22EV2846-001-0,
MW_Levin,5/5/2022,8310,22EV2934-001-0,
MW_Levin,10/5/2022,5799,22EV3020-001-0,
MW_Levin,12/5/2022,6988,22EV3094-001-0,
MW_Levin,17/05/2022,9512,22EV3154-001-0,
MW_Levin,19/05/2022,9779,22EV3243-001-0,
MW_Levin,24/05/2022,8297,22EV3318-001-0,
MW_Levin,26/05/2022,8614,22EV3384-001-0,
MW_Levin,31/05/2022,7631,22EV3465-001-0,
MW_Levin,2/6/2022,9637,22EV3541-001-0,
MW_Levin,8/6/2022,7090,22EV3615-001-0,
MW_Levin,9/6/2022,7957,22EV3660-001-0,
MW_Levin,14/06/2022,19542,22EV3732-001-0,
MW_Levin,16/06/2022,21169,22EV3813-001-0,
MW_Levin,21/06/2022,17381,22EV3878-001-0,
MW_Levin,23/06/2022,16848,22EV3972-001-0,
MW_Pahiatua,12/1/2022,,22EV0191-003-0,
MW_Pahiatua,13/01/2022,,22EV0243-002-0,
MW_Pahiatua,17/01/2022,,22EV0280-002-0,
MW_Pahiatua,20/01/2022,,22EV0402-001-0,
MW_Pahiatua,26/01/2022,,22EV0544-001-0,
MW_Pahiatua,27/01/2022,,22EV0614-001-0,
MW_Pahiatua,31/01/2022,,22EV0642-001-0,
MW_Pahiatua,2/2/2022,,22EV0733-001-0,
MW_Pahiatua,3/2/2022,,22EV0806-001-0,
MW_Pahiatua,8/2/2022,,22EV0843-001-0,
MW_Pahiatua,9/2/2022,,22EV0906-001-0,
MW_Pahiatua,15/02/2022,,22EV1059-001-0,
MW_Pahiatua,17/02/2022,,22EV1166-001-0,
MW_Pahiatua,21/02/2022,,22EV1230-001-0,
MW_Pahiatua,1/3/2022,,22EV1417-001-0,
MW_Pahiatua,3/3/2022,,22EV1515-001-0,
MW_Pahiatua,8/3/2022,,22EV1623-001-0,
MW_Pahiatua,10/3/2022,,22EV1697-001-0,
MW_Pahiatua,15/03/2022,,22EV1788-001-0,
MW_Pahiatua,17/03/2022,,22EV1887-001-0,
MW_Pahiatua,22/03/2022,,22EV1963-001-0,
MW_Pahiatua,24/03/2022,,22EV2039-001-0,
MW_Pahiatua,31/03/2022,,22EV2221-001-0,
MW_Pahiatua,5/4/2022,,22EV2287-001-0,
MW_Pahiatua,6/4/2022,,22EV2378-001-0,
MW_Pahiatua,12/4/2022,,22EV2474-001-0,
MW_Pahiatua,19/04/2022,,22EV2570-001-0,
MW_Pahiatua,21/04/2022,,22EV2666-001-0,
MW_Pahiatua,27/04/2022,,22EV2769-001-0,
MW_Pahiatua,28/04/2022,,22EV2787-001-0,
MW_Pahiatua,3/5/2022,,22EV2859-001-0,
MW_Pahiatua,5/5/2022,,22EV2952-001-0,
MW_Pahiatua,10/5/2022,,22EV3023-001-0,
MW_Pahiatua,12/5/2022,,22EV3110-001-0,
MW_Pahiatua,17/05/2022,,22EV3183-001-0,
MW_Pahiatua,19/05/2022,,22EV3262-001-0,
MW_Pahiatua,23/05/2022,,22EV3303-001-0,
MW_Pahiatua,31/05/2022,,22EV3469-001-0,
MW_Pahiatua,2/6/2022,,22EV3548-001-0,
MW_Pahiatua,7/6/2022,,22EV3592-001-0,
MW_Pahiatua,9/6/2022,,22EV3678-001-0,
MW_Pahiatua,14/06/2022,,22EV3755-001-0,
MW_Pahiatua,16/06/2022,,22EV3825-001-0,
MW_Pahiatua,21/06/2022,,22EV3896-001-0,
MW_Pahiatua,22/06/2022,,22EV3957-001-0,
MW_Pahiatua,30/06/2022,,22EV4109-001-0,
MW_Pahiatua,5/7/2022,,22EV4179-001-0,
MW_Pahiatua,7/7/2022,,22EV4264-001-0,
MW_Pahiatua,11/7/2022,,22EV4304-001-0,
MW_Pahiatua,14/07/2022,,22EV4422-001-0,
MW_Pahiatua,19/07/2022,,22EV4534-001-0,
MW_Pahiatua,21/07/2022,,22EV4575-001-0,
MW_Pahiatua,26/07/2022,,22EV4652-001-0,
MW_Pahiatua,27/07/2022,,22EV4709-001-0,
MW_Pahiatua,2/8/2022,,22EV4812-001-0,
MW_Pahiatua,3/8/2022,,22EV4852-001-0,
MW_PalmerstonNorth,5/1/2022,25731,22EV0032-001-0,
MW_PalmerstonNorth,11/1/2022,24140,22EV0149-001-0,
MW_PalmerstonNorth,13/01/2022,25310,22EV0257-001-0,
MW_PalmerstonNorth,18/01/2022,23775,22EV0337-001-0,
MW_PalmerstonNorth,20/01/2022,26742,22EV0411-001-0,
MW_PalmerstonNorth,25/01/2022,27308,22EV0505-001-0,
MW_PalmerstonNorth,27/01/2022,24219,22EV0611-001-0,
MW_PalmerstonNorth,1/2/2022,23648,22EV0686-001-0,
MW_PalmerstonNorth,3/2/2022,23444,22EV0803-001-0,
MW_PalmerstonNorth,8/2/2022,33293,22EV0830-001-0,
MW_PalmerstonNorth,10/2/2022,28319,22EV0977-001-0,
MW_PalmerstonNorth,15/02/2022,31493,22EV1060-001-0,
MW_PalmerstonNorth,17/02/2022,27837,22EV1163-001-0,
MW_PalmerstonNorth,22/02/2022,26608,22EV1259-001-0,
MW_PalmerstonNorth,24/02/2022,26047,22EV1367-001-0,
MW_PalmerstonNorth,1/3/2022,24765,22EV1415-001-0,
MW_PalmerstonNorth,3/3/2022,25316,22EV1512-001-0,
MW_PalmerstonNorth,8/3/2022,24296,22EV1621-001-0,
MW_PalmerstonNorth,10/3/2022,23224,22EV1693-001-0,
MW_PalmerstonNorth,15/03/2022,23198,22EV1783-001-0,
MW_PalmerstonNorth,17/03/2022,23200,22EV1882-001-0,
MW_PalmerstonNorth,23/03/2022,29536,22EV2000-001-0,
MW_PalmerstonNorth,24/03/2022,52414,22EV2040-001-0,
MW_PalmerstonNorth,29/03/2022,24442,22EV2123-001-0,
MW_PalmerstonNorth,31/03/2022,24597,22EV2216-001-0,
MW_PalmerstonNorth,5/4/2022,23194,22EV2286-001-0,
MW_PalmerstonNorth,7/4/2022,25416,22EV2374-001-0,
MW_PalmerstonNorth,12/4/2022,23023,22EV2443-001-0,
MW_PalmerstonNorth,19/04/2022,23750,22EV2566-001-0,
MW_PalmerstonNorth,21/04/2022,22629,22EV2662-001-0,
MW_PalmerstonNorth,26/04/2022,22820,22EV2702-001-0,
MW_PalmerstonNorth,28/04/2022,22696,22EV2782-001-0,
MW_PalmerstonNorth,3/5/2022,22538,22EV2855-001-0,
MW_PalmerstonNorth,5/5/2022,22622,22EV2947-001-0,
MW_PalmerstonNorth,10/5/2022,31708,22EV3019-001-0,
MW_PalmerstonNorth,12/5/2022,22637,22EV3105-001-0,
MW_PalmerstonNorth,17/05/2022,51817,22EV3178-001-0,
MW_PalmerstonNorth,19/05/2022,33586,22EV3257-001-0,
MW_PalmerstonNorth,24/05/2022,25415,22EV3326-001-0,
MW_PalmerstonNorth,31/05/2022,35142,22EV3464-001-0,
MW_PalmerstonNorth,7/6/2022,28030,22EV3589-001-0,
MW_PalmerstonNorth,9/6/2022,45210,22EV3674-001-0,
MW_PalmerstonNorth,16/06/2022,41786,22EV3820-001-0,
MW_PalmerstonNorth,4/8/2022,32859,22EV4898-001-0,
MW_Whanganui,5/1/2022,26179,22EV0034-001-0,
MW_Whanganui,12/1/2022,29532,22EV0190-001-0,
MW_Whanganui,18/01/2022,28555,22EV0338-001-0,
MW_Whanganui,20/01/2022,28460,22EV0418-001-0,
MW_Whanganui,25/01/2022,23298,22EV0515-001-0,
MW_Whanganui,27/01/2022,27869,22EV0616-001-0,
MW_Whanganui,31/01/2022,21678,22EV0643-001-0,
MW_Whanganui,3/2/2022,26479,22EV0808-001-0,
MW_Whanganui,8/2/2022,44749,22EV0845-001-0,
MW_Whanganui,10/2/2022,38143,22EV0979-001-0,
MW_Whanganui,14/02/2022,78751,22EV1026-001-0,
MW_Whanganui,16/02/2022,47911,22EV1169-001-0,
MW_Whanganui,21/02/2022,35653,22EV1233-001-0,
MW_Whanganui,24/02/2022,32920,22EV1373-001-0,
MW_Whanganui,28/02/2022,25954,22EV1416-001-0,
MW_Whanganui,3/3/2022,30876,22EV1513-001-0,
MW_Whanganui,7/3/2022,25432,22EV1577-001-0,
MW_Whanganui,10/3/2022,29034,22EV1713-001-0,
MW_Whanganui,14/03/2022,23081,22EV1751-001-0,
MW_Whanganui,17/03/2022,27131,22EV1885-001-0,
MW_Whanganui,21/03/2022,32136,22EV1921-001-0,
MW_Whanganui,24/03/2022,41868,22EV2042-001-0,
MW_Whanganui,29/03/2022,29118,22EV2125-001-0,
MW_Whanganui,31/03/2022,29359,22EV2218-001-0,
MW_Whanganui,5/4/2022,27599,22EV2288-001-0,
MW_Whanganui,7/4/2022,26385,22EV2376-001-0,
MW_Whanganui,11/4/2022,24390,22EV2413-001-0,
MW_Whanganui,13/04/2022,26064,22EV2497-001-0,
MW_Whanganui,20/04/2022,28101,22EV2610-001-0,
MW_Whanganui,27/04/2022,27024,22EV2767-001-0,
MW_Whanganui,28/04/2022,25159,22EV2784-001-0,
MW_Whanganui,3/5/2022,25500,22EV2857-001-0,
MW_Whanganui,5/5/2022,25850,22EV2949-001-0,
MW_Whanganui,9/5/2022,22814,22EV2990-001-0,
MW_Whanganui,12/5/2022,26403,22EV3107-001-0,
MW_Whanganui,17/05/2022,44293,22EV3180-001-0,
MW_Whanganui,19/05/2022,39642,22EV3259-001-0,
MW_Whanganui,24/05/2022,36072,22EV3327-001-0,
MW_Whanganui,26/05/2022,33966,22EV3395-001-0,
MW_Whanganui,31/05/2022,37683,22EV3467-001-0,
MW_Whanganui,2/6/2022,40200,22EV3546-001-0,
MW_Whanganui,7/6/2022,29732,22EV3590-001-0,
MW_Whanganui,10/6/2022,44058,22EV3708-001-0,
MW_Whanganui,14/06/2022,71735,22EV3753-001-0,
MW_Whanganui,16/06/2022,43359,22EV3822-001-0,
MW_Whanganui,21/06/2022,,22EV3894-001-0,
MW_Whanganui,22/06/2022,,22EV3954-001-0,
MW_Whanganui,28/06/2022,,22EV4028-001-0,
MW_Whanganui,30/06/2022,,22EV4106-001-0,
MW_Whanganui,5/7/2022,,22EV4177-001-0,
MW_Woodville,12/1/2022,,22EV0191-004-0,
MW_Woodville,13/01/2022,,22EV0243-003-0,
MW_Woodville,17/01/2022,,22EV0280-003-0,
MW_Woodville,20/01/2022,,22EV0403-001-0,
MW_Woodville,26/01/2022,,22EV0545-001-0,
MW_Woodville,27/01/2022,,22EV0617-001-0,
MW_Woodville,31/01/2022,,22EV0644-001-0,
MW_Woodville,2/2/2022,,22EV0734-001-0,
MW_Woodville,3/2/2022,,22EV0809-001-0,
MW_Woodville,8/2/2022,,22EV0846-001-0,
MW_Woodville,9/2/2022,,22EV0907-001-0,
MW_Woodville,15/02/2022,,22EV1062-001-0,
MW_Woodville,17/02/2022,,22EV1168-001-0,
MW_Woodville,1/3/2022,,22EV1418-001-0,
MW_Woodville,3/3/2022,,22EV1516-001-0,
MW_Woodville,8/3/2022,,22EV1624-001-0,
MW_Woodville,10/3/2022,,22EV1698-001-0,
MW_Woodville,31/03/2022,,22EV2222-001-0,
MW_Woodville,5/4/2022,,22EV2290-001-0,
MW_Woodville,6/4/2022,,22EV2380-001-0,
MW_Woodville,12/4/2022,,22EV2475-001-0,
MW_Woodville,19/04/2022,,22EV2571-001-0,
MW_Woodville,21/04/2022,,22EV2667-001-0,
MW_Woodville,27/04/2022,,22EV2770-001-0,
MW_Woodville,28/04/2022,,22EV2788-001-0,
MW_Woodville,3/5/2022,,22EV2860-001-0,
MW_Woodville,5/5/2022,,22EV2953-001-0,
MW_Woodville,10/5/2022,,22EV3024-001-0,
MW_Woodville,12/5/2022,,22EV3111-001-0,
MW_Woodville,31/05/2022,,22EV3470-001-0,
MW_Woodville,2/6/2022,,22EV3549-001-0,
MW_Woodville,7/6/2022,,22EV3593-001-0,
MW_Woodville,9/6/2022,,22EV3679-001-0,
MW_Woodville,14/06/2022,,22EV3756-001-0,
MW_Woodville,16/06/2022,,22EV3826-001-0,
MW_Woodville,21/06/2022,,22EV3897-001-0,
MW_Woodville,22/06/2022,,22EV3958-001-0,
MW_Woodville,30/06/2022,,22EV4110-001-0,
MW_Woodville,5/7/2022,,22EV4180-001-0,
MW_Woodville,7/7/2022,,22EV4265-001-0,
MW_Woodville,11/7/2022,,22EV4305-001-0,
MW_Woodville,14/07/2022,,22EV4423-001-0,
MW_Woodville,19/07/2022,,22EV4535-001-0,
MW_Woodville,21/07/2022,,22EV4576-001-0,
MW_Woodville,26/07/2022,,22EV4653-001-0,
MW_Woodville,27/07/2022,,22EV4710-001-0,
MW_Woodville,2/8/2022,,22EV4813-001-0,
MW_Woodville,3/8/2022,,22EV4853-001-0,
NE_BellIsland,13/01/2022,13465,22EV0270-001-0,
NE_BellIsland,18/01/2022,13873,22EV0345-001-0,
NE_BellIsland,27/01/2022,16782,22EV0629-001-0,
NE_BellIsland,1/2/2022,12398,22EV0704-001-0,
NE_BellIsland,3/2/2022,16463,22EV0817-001-0,
NE_BellIsland,9/2/2022,17215,22EV0942-001-0,
NE_BellIsland,15/02/2022,31620,22EV1090-001-0,
NE_BellIsland,17/02/2022,21022,22EV1203-001-0,
NE_BellIsland,22/02/2022,19923,22EV1298-001-0,
NE_BellIsland,2/3/2022,15741,22EV1497-001-0,
NE_BellIsland,8/3/2022,13853,22EV1715-001-0,
NE_BellIsland,10/3/2022,13557,22EV1716-001-0,
NE_BellIsland,15/03/2022,13627,22EV1899-001-0,
NE_BellIsland,22/03/2022,16672,22EV2069-001-0,
NE_BellIsland,24/03/2022,19045,22EV2070-001-0,
NE_BellIsland,29/03/2022,14193,22EV2237-001-0,
NE_BellIsland,31/03/2022,13899,22EV2238-001-0,
NE_BellIsland,5/4/2022,13801,22EV2397-001-0,
NE_BellIsland,7/4/2022,13745,22EV2398-001-0,
NE_BellIsland,12/4/2022,13433,22EV2541-001-0,
NE_BellIsland,26/04/2022,13051,22EV2804-001-0,
NE_BellIsland,28/04/2022,13853,22EV2805-001-0,
NE_BellIsland,3/5/2022,13680,22EV2962-001-0,
NE_BellIsland,5/5/2022,13978,22EV2963-001-0,
NE_BellIsland,12/5/2022,13428,22EV3124-001-0,
NE_BellIsland,17/05/2022,14829,22EV3201-001-0,
NE_BellIsland,24/05/2022,14767,22EV3417-001-0,
NE_BellIsland,26/05/2022,14496,22EV3418-001-0,
NE_BellIsland,31/05/2022,28262,22EV3559-001-0,
NE_BellIsland,2/6/2022,33435,22EV3560-001-0,
NE_BellIsland,14/06/2022,34135,22EV3840-001-0,
NE_BellIsland,16/06/2022,24551,22EV3841-001-0,
NE_BellIsland,21/06/2022,17940,22EV3924-001-0,
NE_BellIsland,28/06/2022,19173,22EV4083-001-0,
NE_BellIsland,29/06/2022,41121,22EV4084-001-0,
NE_BellIsland,5/7/2022,17987,22EV4274-001-0,
NE_BellIsland,7/7/2022,17506,22EV4275-001-0,
NE_BellIsland,19/07/2022,20130,22EV4581-001-0,
NE_BellIsland,21/07/2022,43293,22EV4582-001-0,
NE_Nelson,16/08/2021,8260,21EV1210-001-0,
NE_Nelson,6/9/2021,7940,21EV1780-001-0,
NE_Nelson,8/9/2021,17790,21EV1830-001-0,
NE_Nelson,13/09/2021,8980,21EV1912-001-0,
NE_Nelson,15/09/2021,8720,21EV1953-001-0,
NE_Nelson,20/09/2021,7750,21EV2066-001-0,
NE_Nelson,22/09/2021,8110,21EV2129-001-0,
NE_Nelson,27/09/2021,9770,21EV2186-001-0,
NE_Nelson,29/09/2021,8890,21EV2255-001-0,
NE_Nelson,4/10/2021,7240,21EV2318-001-0,
NE_Nelson,6/10/2021,9250,21EV2414-001-0,
NE_Nelson,11/10/2021,12230,21EV2500-001-0,
NE_Nelson,13/10/2021,9960,21EV2568-001-0,
NE_Nelson,18/10/2021,11000,21EV2695-001-0,
NE_Nelson,20/10/2021,8670,21EV2759-001-0,
NE_Nelson,27/10/2021,7700,21EV2892-001-0,
NE_Nelson,1/11/2021,7810,21EV3018-001-0,
NE_Nelson,3/11/2021,7490,21EV3164-001-0,
NE_Nelson,8/11/2021,8480,21EV3209-001-0,
NE_Nelson,10/11/2021,7760,21EV3273-001-0,
NE_Nelson,15/11/2021,6860,21EV3384-001-0,
NE_Nelson,17/11/2021,6460,21EV3486-001-0,
NE_Nelson,22/11/2021,7270,21EV3622-001-0,
NE_Nelson,24/11/2021,6800,21EV3740-001-0,
NE_Nelson,29/11/2021,7830,21EV3797-001-0,
NE_Nelson,1/12/2021,6430,21EV3915-001-0,
NE_Nelson,2/12/2021,6590,21EV3928-001-0,
NE_Nelson,6/12/2021,8120,21EV3991-001-0,
NE_Nelson,8/12/2021,9530,21EV4087-001-0,
NE_Nelson,13/12/2021,8640,21EV4169-001-0,
NE_Nelson,15/12/2021,8650,21EV4259-001-0,
NE_Nelson,20/12/2021,7150,21EV4353-001-0,
NE_Nelson,29/12/2021,7690,21EV4517-001-0,
NE_Nelson,5/1/2022,7320,22EV0056-001-0,
NE_Nelson,10/1/2022,6870,22EV0137-001-0,
NE_Nelson,12/1/2022,3510,22EV0220-001-0,
NE_Nelson,17/01/2022,5930,22EV0287-001-0,
NE_Nelson,19/01/2022,6850,22EV0389-001-0,
NE_Nelson,24/01/2022,6410,22EV0459-001-0,
NE_Nelson,26/01/2022,6780,22EV0584-001-0,
NE_Nelson,2/2/2022,6970,22EV0752-001-0,
NE_Nelson,9/2/2022,8850,22EV0945-001-0,
NE_Nelson,14/02/2022,41130,22EV1031-001-0,
NE_Nelson,16/02/2022,11360,22EV1137-001-0,
NE_Nelson,21/02/2022,23660,22EV1239-001-0,
NE_Nelson,23/02/2022,9780,22EV1338-001-0,
NE_Nelson,28/02/2022,6660,22EV1399-001-0,
NE_Nelson,2/3/2022,7470,22EV1498-001-0,
NE_Nelson,7/3/2022,7150,22EV1600-001-0,
NE_Nelson,9/3/2022,6900,22EV1719-001-0,
NE_Nelson,14/03/2022,,22EV1804-001-0,
NE_Nelson,16/03/2022,,22EV1855-001-0,
NE_Nelson,21/03/2022,,22EV1984-001-0,
NE_Nelson,23/03/2022,,22EV2030-001-0,
NE_Nelson,28/03/2022,,22EV2107-001-0,
NE_Nelson,30/03/2022,,22EV2196-001-0,
NE_Nelson,4/4/2022,,22EV2264-001-0,
NE_Nelson,6/4/2022,,22EV2354-001-0,
NE_Nelson,11/4/2022,,22EV2420-001-0,
NE_Nelson,13/04/2022,,22EV2540-001-0,
NE_Nelson,19/04/2022,,22EV2579-001-0,
NE_Nelson,26/04/2022,,22EV2798-001-0,
NE_Nelson,28/04/2022,,22EV2803-001-0,
NE_Nelson,2/5/2022,,22EV2838-001-0,
NE_Nelson,4/5/2022,,22EV2933-001-0,
NE_Nelson,9/5/2022,,22EV3001-001-0,
NE_Nelson,11/5/2022,,22EV3093-001-0,
NE_Nelson,18/05/2022,,22EV3240-001-0,
NE_Nelson,24/05/2022,,22EV3336-001-0,
NE_Nelson,25/05/2022,,22EV3416-001-0,
NE_Nelson,30/05/2022,,22EV3447-001-0,
NE_Nelson,1/6/2022,,22EV3535-001-0,
NE_Nelson,7/6/2022,,22EV3603-001-0,
NE_Nelson,8/6/2022,,22EV3657-001-0,
NE_Nelson,13/06/2022,,22EV3731-001-0,
NE_Nelson,15/06/2022,,22EV3806-001-0,
NE_Nelson,20/06/2022,,22EV3873-001-0,
NE_Nelson,22/06/2022,,22EV3965-001-0,
NE_Nelson,29/06/2022,,22EV4082-001-0,
NE_Nelson,6/7/2022,,22EV4226-001-0,
NE_Nelson,3/8/2022,12750,22EV4873-001-0,
NO_Hikurangi,13/09/2021,624,21EV2003-004-0,
NO_Hikurangi,12/10/2021,671,21EV2519-001-0,
NO_Hikurangi,18/10/2021,996,21EV2688-001-0,
NO_Hikurangi,28/10/2021,818,21EV2901-001-0,
NO_Hikurangi,2/11/2021,518,21EV3021-001-0,
NO_Hikurangi,10/11/2021,511,21EV3263-001-0,
NO_Hikurangi,18/11/2021,418,21EV3528-001-0,
NO_Hikurangi,29/11/2021,347,21EV3857-001-0,
NO_Hikurangi,7/12/2021,302,21EV4085-001-0,
NO_Hikurangi,15/12/2021,1279,21EV4257-001-0,
NO_Hikurangi,20/12/2021,380,21EV4400-001-0,
NO_Hikurangi,13/01/2022,277,22EV0263-001-0,
NO_Hikurangi,19/01/2022,213,22EV0384-001-0,
NO_Hikurangi,25/01/2022,279,22EV0473-001-0,
NO_Hikurangi,4/2/2022,223,22EV0869-001-0,
NO_Hikurangi,10/2/2022,528,22EV0964-001-0,
NO_Hikurangi,16/02/2022,308,22EV1131-001-0,
NO_Hikurangi,21/02/2022,342,22EV1296-001-0,
NO_Hikurangi,2/3/2022,285,22EV1500-001-0,
NO_Hikurangi,7/3/2022,247,22EV1604-001-0,
NO_Hikurangi,15/03/2022,,22EV1816-001-0,
NO_Hikurangi,24/03/2022,,22EV2031-001-0,
NO_Hikurangi,5/4/2022,,22EV2391-001-0,
NO_Hikurangi,11/4/2022,,22EV2479-001-0,
NO_Hikurangi,19/04/2022,,22EV2589-001-0,
NO_Hikurangi,26/04/2022,,22EV2729-001-0,
NO_Hikurangi,2/5/2022,,22EV2886-001-0,
NO_Hikurangi,9/5/2022,,22EV3056-001-0,
NO_Hikurangi,17/05/2022,,22EV3156-001-0,
NO_Hikurangi,23/05/2022,,22EV3287-001-0,
NO_Hikurangi,30/05/2022,,22EV3450-001-0,
NO_Hikurangi,7/6/2022,1024,22EV3624-001-0,
NO_Hikurangi,13/06/2022,967,22EV3717-001-0,
NO_Hikurangi,20/06/2022,2551,22EV3876-001-0,
NO_Hikurangi,29/06/2022,,22EV4057-001-0,
NO_Hikurangi,5/7/2022,,22EV4205-001-0,
NO_Hikurangi,11/7/2022,,22EV4368-001-0,
NO_Kaiwaka,28/07/2022,4320,22EV4728-001-0,
NO_Kaiwaka,1/8/2022,4320,22EV4794-001-0,
NO_Mangawhai,28/07/2022,4320,22EV4729-001-0,
NO_Mangawhai,1/8/2022,5184,22EV4795-001-0,
NO_Maungaturoto,28/07/2022,4320,22EV4730-001-0,
NO_Maungaturoto,1/8/2022,5184,22EV4796-001-0,
NO_Ruakaka,8/9/2021,1189,21EV1850-002-0,
NO_Ruakaka,15/09/2021,1347,21EV2003-002-0,
NO_Ruakaka,20/09/2021,1335,21EV2078-001-0,
NO_Ruakaka,7/10/2021,1556,21EV2455-001-0,
NO_Ruakaka,13/10/2021,1377,21EV2571-001-0,
NO_Ruakaka,18/10/2021,1484,21EV2689-001-0,
NO_Ruakaka,26/10/2021,1470,21EV2881-001-0,
NO_Ruakaka,4/11/2021,1410,21EV3146-001-0,
NO_Ruakaka,8/11/2021,1311,21EV3247-001-0,
NO_Ruakaka,17/11/2021,1453,21EV3537-001-0,
NO_Ruakaka,23/11/2021,1450,21EV3692-001-0,
NO_Ruakaka,2/12/2021,1344,21EV3933-001-0,
NO_Ruakaka,8/12/2021,1228,21EV4086-001-0,
NO_Ruakaka,13/12/2021,1312,21EV4261-001-0,
NO_Ruakaka,22/12/2021,1587,21EV4406-001-0,
NO_Ruakaka,10/1/2022,1631,22EV0265-001-0,
NO_Ruakaka,18/01/2022,1264,22EV0385-001-0,
NO_Ruakaka,24/01/2022,1208,22EV0474-001-0,
NO_Ruakaka,2/2/2022,1156,22EV0776-001-0,
NO_Ruakaka,8/2/2022,1186,22EV0870-001-0,
NO_Ruakaka,14/02/2022,1185,22EV1085-001-0,
NO_Ruakaka,24/02/2022,1166,22EV1358-001-0,
NO_Ruakaka,3/3/2022,1120,22EV1550-001-0,
NO_Ruakaka,9/3/2022,1164,22EV1661-001-0,
NO_Ruakaka,14/03/2022,1223,22EV1817-001-0,
NO_Ruakaka,23/03/2022,1222,22EV2027-001-0,
NO_Ruakaka,29/03/2022,1136,22EV2156-001-0,
NO_Ruakaka,19/04/2022,1366,22EV2588-001-0,
NO_Ruakaka,4/5/2022,1143,22EV2891-001-0,
NO_Ruakaka,10/5/2022,1317,22EV3057-001-0,
NO_Ruakaka,16/05/2022,1307,22EV3157-001-0,
NO_Ruakaka,23/05/2022,1250,22EV3286-001-0,
NO_Ruakaka,31/05/2022,1357,22EV3449-001-0,
NO_Ruakaka,8/6/2022,1388,22EV3623-001-0,
NO_Ruakaka,13/06/2022,1337,22EV3716-001-0,
NO_Whangarei,6/9/2021,20313,21EV1849-001-0,
NO_Whangarei,8/9/2021,23172,21EV1849-002-0,
NO_Whangarei,14/09/2021,17848,21EV2001-001-0,
NO_Whangarei,15/09/2021,29306,21EV2000-001-0,
NO_Whangarei,19/09/2021,21255,21EV2087-001-0,
NO_Whangarei,20/09/2021,19682,21EV2088-001-0,
NO_Whangarei,28/09/2021,18284,21EV2254-001-0,
NO_Whangarei,1/10/2021,16056,21EV2367-001-0,
NO_Whangarei,7/10/2021,43319,21EV2456-001-0,
NO_Whangarei,12/10/2021,20783,21EV2520-001-0,
NO_Whangarei,14/10/2021,17201,21EV2627-001-0,
NO_Whangarei,17/10/2021,17977,21EV2690-001-0,
NO_Whangarei,19/10/2021,17304,21EV2727-001-0,
NO_Whangarei,27/10/2021,25618,21EV2859-001-0,
NO_Whangarei,28/10/2021,25113,21EV2931-001-0,
NO_Whangarei,2/11/2021,18386,21EV3020-001-0,
NO_Whangarei,4/11/2021,20864,21EV3147-001-0,
NO_Whangarei,10/11/2021,17090,21EV3267-001-0,
NO_Whangarei,11/11/2021,16007,21EV3319-001-0,
NO_Whangarei,14/11/2021,19292,21EV3393-001-0,
NO_Whangarei,15/11/2021,16578,21EV3394-001-0,
NO_Whangarei,24/11/2021,13140,21EV3693-001-0,
NO_Whangarei,25/11/2021,12851,21EV3776-001-0,
NO_Whangarei,30/11/2021,12517,21EV3830-001-0,
NO_Whangarei,2/12/2021,12110,21EV3939-001-0,
NO_Whangarei,5/12/2021,12487,21EV4046-001-0,
NO_Whangarei,7/12/2021,12034,21EV4047-001-0,
NO_Whangarei,15/12/2021,15966,21EV4262-001-0,
NO_Whangarei,21/12/2021,12452,21EV4407-001-0,
NO_Whangarei,22/12/2021,12372,21EV4408-001-0,
NO_Whangarei,30/12/2021,12055,22EV0006-001-0,
NO_Whangarei,5/1/2022,12029,22EV0075-001-0,
NO_Whangarei,11/1/2022,11839,22EV0267-001-0,
NO_Whangarei,12/1/2022,11710,22EV0268-001-0,
NO_Whangarei,16/01/2022,10826,22EV0291-001-0,
NO_Whangarei,17/01/2022,12008,22EV0292-001-0,
NO_Whangarei,25/01/2022,12411,22EV0475-001-0,
NO_Whangarei,27/01/2022,11910,22EV0630-001-0,
NO_Whangarei,2/2/2022,12332,22EV0774-001-0,
NO_Whangarei,15/02/2022,12896,22EV1086-001-0,
NO_Whangarei,16/02/2022,12393,22EV1136-001-0,
NO_Whangarei,22/02/2022,12317,22EV1297-001-0,
NO_Whangarei,24/02/2022,11776,22EV1357-001-0,
NO_Whangarei,2/3/2022,11783,22EV1499-001-0,
NO_Whangarei,3/3/2022,12168,22EV1549-001-0,
NO_Whangarei,8/3/2022,11499,22EV1603-001-0,
NO_Whangarei,9/3/2022,11518,22EV1660-001-0,
NO_Whangarei,14/03/2022,11272,22EV1818-001-0,
NO_Whangarei,15/03/2022,11067,22EV1819-001-0,
NO_Whangarei,23/03/2022,21513,22EV2028-001-0,
NO_Whangarei,29/03/2022,13428,22EV2163-001-0,
NO_Whangarei,30/03/2022,13435,22EV2155-001-0,
NO_Whangarei,6/4/2022,12220,22EV2392-001-0,
NO_Whangarei,7/4/2022,12095,22EV2393-001-0,
NO_Whangarei,20/04/2022,43807,22EV2587-001-0,
NO_Whangarei,25/04/2022,19855,22EV2727-001-0,
NO_Whangarei,26/04/2022,19190,22EV2728-001-0,
NO_Whangarei,3/5/2022,16152,22EV2885-001-0,
NO_Whangarei,10/5/2022,14671,22EV3054-001-0,
NO_Whangarei,11/5/2022,14574,22EV3055-001-0,
NO_Whangarei,17/05/2022,12760,22EV3155-001-0,
NO_Whangarei,18/05/2022,18564,22EV3209-001-0,
NO_Whangarei,22/05/2022,14539,22EV3285-001-0,
NO_Whangarei,23/05/2022,14595,22EV3292-001-0,
NO_Whangarei,31/05/2022,36905,22EV3448-001-0,
NO_Whangarei,1/6/2022,32254,22EV3505-001-0,
NO_Whangarei,8/6/2022,19971,22EV3622-001-0,
NO_Whangarei,9/6/2022,18258,22EV3696-001-0,
NO_Whangarei,14/06/2022,17952,22EV3781-001-0,
NO_Whangarei,15/06/2022,17306,22EV3782-001-0,
NO_Whangarei,19/06/2022,27708,22EV3874-001-0,
NO_Whangarei,20/06/2022,30239,22EV3875-001-0,
NO_Whangarei,28/06/2022,,22EV4008-001-0,
NO_Whangarei,29/06/2022,,22EV4056-001-0,
NO_Whangarei,6/7/2022,,22EV4279-001-0,
NO_Whangarei,7/7/2022,,22EV4280-001-0,
NO_Whangarei,12/7/2022,,22EV4366-001-0,
NO_Whangarei,13/07/2022,,22EV4367-001-0,
OT_Oamaru,8/3/2022,7466,22CE0038-001-0,
OT_Oamaru,11/5/2022,,22CE0229-001-0,
OT_Oamaru,28/06/2022,,22EV4080-001-0,
OT_Oamaru,6/7/2022,,22EV4237-001-0,
OT_Queenstown,22/06/2022,9944,22EV3970-001-0,
OT_Queenstown,27/06/2022,10540,22EV4000-001-0,
OT_Queenstown,29/06/2022,10401,22EV4079-001-0,
OT_Queenstown,4/7/2022,10397,22EV4161-001-0,
OT_Queenstown,6/7/2022,10853,22EV4238-001-0,
OT_Queenstown,11/7/2022,,22EV4315-001-0,
OT_Queenstown,25/07/2022,12103,22EV4625-001-0,
OT_Queenstown,1/8/2022,10750,22EV4792-001-0,
OT_Queenstown,8/3/2022,13082,22EV4870-001-0,
OT_Wanaka,1/8/2022,4752,22EV4791-001-0,
SO_Bluff,1/3/2022,641,22CE0025-001-0,
SO_Bluff,7/3/2022,826,22CE0033-001-0,
SO_Bluff,15/03/2022,665,22CE0054-001-0,
SO_Bluff,22/03/2022,626,22CE0076-001-0,
SO_Bluff,29/03/2022,720,22CE0098-001-0,
SO_Bluff,5/4/2022,732,22CE0118-001-0,
SO_Bluff,12/4/2022,1743,22CE0140-001-0,
SO_Bluff,20/04/2022,734,22CE0163-001-0,
SO_Bluff,26/04/2022,837,22CE0171-001-0,
SO_Bluff,3/5/2022,850,22CE0199-001-0,
SO_Bluff,10/5/2022,1390,22CE0223-001-0,
SO_Bluff,17/05/2022,822,22CE0251-001-0,
SO_Bluff,24/05/2022,1076,22CE0274-001-0,
SO_Bluff,31/05/2022,861,22CE0300-001-0,
SO_Bluff,8/6/2022,815,22CE0325-001-0,
SO_Bluff,14/06/2022,1218,22CE0341-001-0,
SO_Bluff,21/06/2022,906,22CE0362-001-0,
SO_Bluff,28/06/2022,1702,22EV4045-001-0,
SO_Bluff,5/7/2022,1074,22EV4239-001-0,
SO_Bluff,12/7/2022,959,22EV4359-001-0,
SO_Bluff,7/19/2022,1105,22EV4520-001-0,
SO_Bluff,7/26/2022,,22EV4672-001-0,
SO_Bluff,2/8/2022,1046,22EV4828-001-0,
SO_Gore,7/3/2022,6290,22CE0034-001-0,
SO_Gore,16/03/2022,3766,22CE0063-001-0,
SO_Gore,22/03/2022,3169,22CE0078-001-0,
SO_Gore,30/03/2022,3465,22CE0105-001-0,
SO_Gore,6/4/2022,8751,22CE0123-001-0,
SO_Gore,13/04/2022,10268,22CE0147-001-0,
SO_Gore,22/04/2022,16878,22CE0166-001-0,
SO_Gore,4/5/2022,4009,22CE0204-001-0,
SO_Gore,12/5/2022,3922,22CE0233-001-0,
SO_Gore,18/05/2022,3926,22CE0255-001-0,
SO_Gore,25/05/2022,7317,22CE0281-001-0,
SO_Gore,31/05/2022,4787,22CE0301-001-0,
SO_Gore,8/6/2022,5496,22CE0324-001-0,
SO_Gore,16/06/2022,12032,22CE0348-001-0,
SO_Gore,22/06/2022,,22CE0367-001-0,
SO_Gore,30/06/2022,,22CE0373-001-0,
SO_Gore,6/7/2022,,22EV4240-001-0,
SO_Gore,13/07/2022,,22EV4384-001-0,
SO_Invercargill,5/1/2022,24916,22EV0061-001-0,
SO_Invercargill,11/1/2022,25074,22EV0184-001-0,
SO_Invercargill,18/01/2022,21597,22EV0350-001-0,
SO_Invercargill,25/01/2022,25067,22EV0538-001-0,
SO_Invercargill,1/2/2022,18431,22EV0715-001-0,
SO_Invercargill,8/2/2022,32579,22EV0882-001-0,
SO_Invercargill,15/02/2022,23345,22EV1093-001-0,
SO_Invercargill,22/02/2022,30657,22EV1248-001-0,
SO_Invercargill,1/3/2022,25358,22EV1475-001-0,
SO_Invercargill,7/3/2022,16590,22EV1639-001-0,
SO_Invercargill,15/03/2022,29759,22EV1805-001-0,
SO_Invercargill,22/03/2022,23780,22EV1991-001-0,
SO_Invercargill,29/03/2022,26140,22EV2141-001-0,
SO_Invercargill,5/4/2022,19520,22EV2311-001-0,
SO_Invercargill,12/4/2022,35683,22EV2468-001-0,
SO_Invercargill,20/04/2022,21353,22EV2630-001-0,
SO_Invercargill,26/04/2022,27600,22EV2719-001-0,
SO_Invercargill,3/5/2022,26300,22EV2880-001-0,
SO_Invercargill,10/5/2022,28900,22EV3049-001-0,
SO_Invercargill,17/05/2022,24002,22EV3204-001-0,
SO_Invercargill,24/05/2022,56900,22EV3339-001-0,
SO_Invercargill,31/05/2022,27000,22EV3493-001-0,
SO_Invercargill,8/6/2022,27000,22EV3659-001-0,
SO_Invercargill,14/06/2022,34000,22EV3775-001-0,
SO_Invercargill,21/06/2022,28600,22EV3912-001-0,
SO_Invercargill,28/06/2022,30500,22EV4046-001-0,
SO_Invercargill,5/7/2022,32700,22EV4241-001-0,
SO_Invercargill,12/7/2022,24659,22EV4360-001-0,
SO_Invercargill,7/19/2022,28659,22EV4521-001-0,
SO_Invercargill,2/8/2022,38344,22EV4827-001-0,
TK_Eltham,14/12/2021,1716,21EV4250-001-0,
TK_Eltham,15/12/2021,2078,21EV4243-001-0,
TK_Eltham,20/12/2021,2064,21EV4335-001-0,
TK_Eltham,21/12/2021,1977,21EV4363-001-0,
TK_Eltham,10/1/2022,1126,22EV0114-001-0,
TK_Eltham,11/1/2022,1294,22EV0150-001-0,
TK_Eltham,18/01/2022,1160,22EV0327-001-0,
TK_Eltham,19/01/2022,1151,22EV0367-001-0,
TK_Eltham,25/01/2022,1185,22EV0481-001-0,
TK_Eltham,26/01/2022,1192,22EV0577-001-0,
TK_Eltham,1/2/2022,1130,22EV0690-001-0,
TK_Eltham,2/2/2022,1190,22EV0735-001-0,
TK_Eltham,8/2/2022,2214,22EV0847-001-0,
TK_Eltham,9/2/2022,2097,22EV0908-001-0,
TK_Eltham,15/02/2022,5062,22EV1063-001-0,
TK_Eltham,16/02/2022,4673,22EV1108-001-0,
TK_Eltham,22/02/2022,2519,22EV1264-001-0,
TK_Eltham,23/02/2022,2267,22EV1337-001-0,
TK_Eltham,1/3/2022,1631,22EV1430-001-0,
TK_Eltham,2/3/2022,1564,22EV1466-001-0,
TK_Eltham,8/3/2022,1391,22EV1626-001-0,
TK_Eltham,9/3/2022,1317,22EV1649-001-0,
TK_Eltham,15/03/2022,1188,22EV1790-001-0,
TK_Eltham,16/03/2022,1221,22EV1833-001-0,
TK_Eltham,23/03/2022,1579,22EV2005-001-0,
TK_Eltham,29/03/2022,1302,22EV2127-001-0,
TK_Eltham,30/03/2022,1270,22EV2164-001-0,
TK_Eltham,5/4/2022,1294,22EV2292-001-0,
TK_Eltham,6/4/2022,1335,22EV2329-001-0,
TK_Eltham,12/4/2022,1262,22EV2446-001-0,
TK_Eltham,13/04/2022,1207,22EV2498-001-0,
TK_Eltham,20/04/2022,1079,22EV2611-001-0,
TK_Eltham,27/04/2022,1211,22EV2743-001-0,
TK_Eltham,3/5/2022,1211,22EV2862-001-0,
TK_Eltham,4/5/2022,1222,22EV2915-001-0,
TK_Eltham,10/5/2022,1245,22EV3026-001-0,
TK_Eltham,11/5/2022,1242,22EV3083-001-0,
TK_Eltham,17/05/2022,1455,22EV3185-001-0,
TK_Eltham,18/05/2022,1793,22EV3230-001-0,
TK_Eltham,24/05/2022,1822,22EV3329-001-0,
TK_Eltham,25/05/2022,1742,22EV3354-001-0,
TK_Eltham,31/05/2022,1767,22EV3472-001-0,
TK_Eltham,8/6/2022,1857,22EV3646-001-0,
TK_Eltham,14/06/2022,2399,22EV3758-001-0,
TK_Eltham,21/06/2022,,22EV3899-001-0,
TK_Eltham,28/06/2022,,22EV4030-001-0,
TK_Eltham,5/7/2022,,22EV4182-001-0,
TK_Eltham,12/7/2022,,22EV4334-001-0,
TK_Eltham,2/8/2022,3168,22EV4815-001-0,
TK_Kaponga,23/08/2021,692,21EV1379-001-0,
TK_Kaponga,31/08/2021,433,21EV1621-002-0,
TK_Kaponga,8/11/2021,202,21EV3177-001-0,
TK_Kaponga,9/11/2021,200,21EV3217-001-0,
TK_Kaponga,15/11/2021,161,21EV3374-001-0,
TK_Kaponga,16/11/2021,158,21EV3437-001-0,
TK_Kaponga,22/11/2021,165,21EV3614-001-0,
TK_Kaponga,23/11/2021,153,21EV3662-001-0,
TK_Kaponga,29/11/2021,123,21EV3814-001-0,
TK_Kaponga,30/11/2021,136,21EV3860-001-0,
TK_Kaponga,6/12/2021,226,21EV3998-001-0,
TK_Kaponga,7/12/2021,235,21EV4000-001-0,
TK_Kaponga,13/12/2021,284,21EV4156-001-0,
TK_Kaponga,14/12/2021,426,21EV4251-001-0,
TK_Kaponga,15/12/2021,837,21EV4244-001-0,
TK_Kaponga,20/12/2021,677,21EV4337-001-0,
TK_Kaponga,21/12/2021,605,21EV4365-001-0,
TK_Kaponga,10/1/2022,207,22EV0116-001-0,
TK_Kaponga,11/1/2022,200,22EV0152-001-0,
TK_Kaponga,18/01/2022,185,22EV0329-001-0,
TK_Kaponga,19/01/2022,188,22EV0369-001-0,
TK_Kaponga,25/01/2022,177,22EV0483-001-0,
TK_Kaponga,26/01/2022,179,22EV0548-001-0,
TK_Kaponga,1/2/2022,123,22EV0692-001-0,
TK_Kaponga,2/2/2022,113,22EV0736-001-0,
TK_Kaponga,8/2/2022,646,22EV0849-001-0,
TK_Kaponga,9/2/2022,545,22EV0910-001-0,
TK_Kaponga,15/02/2022,1729,22EV1065-001-0,
TK_Kaponga,16/02/2022,1510,22EV1110-001-0,
TK_Kaponga,22/02/2022,529,22EV1267-001-0,
TK_Kaponga,23/02/2022,463,22EV1336-001-0,
TK_Kaponga,1/3/2022,190,22EV1421-001-0,
TK_Kaponga,2/3/2022,115,22EV1472-001-0,
TK_Kaponga,8/3/2022,244,22EV1628-001-0,
TK_Kaponga,9/3/2022,233,22EV1651-001-0,
TK_Kaponga,15/03/2022,183,22EV1792-001-0,
TK_Kaponga,16/03/2022,180,22EV1835-001-0,
TK_Kaponga,22/03/2022,280,22EV1966-001-0,
TK_Kaponga,23/03/2022,628,22EV2006-001-0,
TK_Kaponga,29/03/2022,525,22EV2129-001-0,
TK_Kaponga,30/03/2022,474,22EV2165-001-0,
TK_Kaponga,5/4/2022,327,22EV2295-001-0,
TK_Kaponga,6/4/2022,316,22EV2331-001-0,
TK_Kaponga,12/4/2022,234,22EV2448-001-0,
TK_Kaponga,13/04/2022,231,22EV2500-001-0,
TK_Kaponga,20/04/2022,188,22EV2613-001-0,
TK_Kaponga,27/04/2022,273,22EV2745-001-0,
TK_Kaponga,3/5/2022,202,22EV2864-001-0,
TK_Kaponga,4/5/2022,201,22EV2917-001-0,
TK_Kaponga,10/5/2022,207,22EV3028-001-0,
TK_Kaponga,11/5/2022,225,22EV3085-001-0,
TK_Kaponga,17/05/2022,605,22EV3187-001-0,
TK_Kaponga,18/05/2022,663,22EV3232-001-0,
TK_Kaponga,24/05/2022,786,22EV3341-001-0,
TK_Kaponga,25/05/2022,706,22EV3356-001-0,
TK_Kaponga,31/05/2022,563,22EV3474-001-0,
TK_Kaponga,8/6/2022,517,22EV3648-001-0,
TK_Kaponga,14/06/2022,1424,22EV3760-001-0,
TK_Kaponga,21/06/2022,,22EV3901-001-0,
TK_Kaponga,28/06/2022,,22EV4032-001-0,
TK_Kaponga,5/7/2022,,22EV4184-001-0,
TK_Kaponga,12/7/2022,,22EV4336-001-0,
TK_Manaia,23/08/2021,2639,21EV1380-001-0,
TK_Manaia,31/08/2021,1219,21EV1621-003-0,
TK_Manaia,8/11/2021,558,21EV3177-002-0,
TK_Manaia,9/11/2021,571,21EV3217-002-0,
TK_Manaia,15/11/2021,570,21EV3375-001-0,
TK_Manaia,16/11/2021,579,21EV3438-001-0,
TK_Manaia,22/11/2021,530,21EV3615-001-0,
TK_Manaia,23/11/2021,529,21EV3663-001-0,
TK_Manaia,29/11/2021,407,21EV3813-001-0,
TK_Manaia,30/11/2021,430,21EV3860-002-0,
TK_Manaia,6/12/2021,641,21EV3998-002-0,
TK_Manaia,7/12/2021,746,21EV4000-002-0,
TK_Manaia,13/12/2021,1257,21EV4157-001-0,
TK_Manaia,14/12/2021,1605,21EV4252-001-0,
TK_Manaia,15/12/2021,2849,21EV4245-001-0,
TK_Manaia,20/12/2021,3177,21EV4338-001-0,
TK_Manaia,21/12/2021,2260,21EV4366-001-0,
TK_Manaia,11/1/2022,816,22EV0153-001-0,
TK_Manaia,12/1/2022,760,22EV0228-001-0,
TK_Manaia,18/01/2022,635,22EV0330-001-0,
TK_Manaia,19/01/2022,609,22EV0370-001-0,
TK_Manaia,25/01/2022,512,22EV0484-001-0,
TK_Manaia,26/01/2022,525,22EV0549-001-0,
TK_Manaia,1/2/2022,438,22EV0693-001-0,
TK_Manaia,2/2/2022,431,22EV0738-001-0,
TK_Manaia,8/2/2022,3826,22EV0850-001-0,
TK_Manaia,9/2/2022,3826,22EV0911-001-0,
TK_Manaia,15/02/2022,3826,22EV1066-001-0,
TK_Manaia,16/02/2022,3825,22EV1111-001-0,
TK_Manaia,22/02/2022,3750,22EV1266-001-0,
TK_Manaia,1/3/2022,1721,22EV1423-001-0,
TK_Manaia,2/3/2022,1271,22EV1470-001-0,
TK_Manaia,8/3/2022,925,22EV1629-001-0,
TK_Manaia,9/3/2022,926,22EV1654-001-0,
TK_Manaia,15/03/2022,714,22EV1793-001-0,
TK_Manaia,16/03/2022,683,22EV1836-001-0,
TK_Manaia,22/03/2022,967,22EV1967-001-0,
TK_Manaia,23/03/2022,956,22EV2001-001-0,
TK_Manaia,29/03/2022,1148,22EV2130-001-0,
TK_Manaia,30/03/2022,1151,22EV2166-001-0,
TK_Manaia,5/4/2022,921,22EV2296-001-0,
TK_Manaia,6/4/2022,859,22EV2332-001-0,
TK_Manaia,12/4/2022,663,22EV2449-001-0,
TK_Manaia,13/04/2022,651,22EV2502-001-0,
TK_Manaia,20/04/2022,537,22EV2614-001-0,
TK_Manaia,27/04/2022,656,22EV2746-001-0,
TK_Manaia,3/5/2022,570,22EV2866-001-0,
TK_Manaia,4/5/2022,564,22EV2918-001-0,
TK_Manaia,10/5/2022,637,22EV3029-001-0,
TK_Manaia,11/5/2022,765,22EV3086-001-0,
TK_Manaia,17/05/2022,1182,22EV3188-001-0,
TK_Manaia,18/05/2022,1203,22EV3233-001-0,
TK_Manaia,24/05/2022,2866,22EV3342-001-0,
TK_Manaia,25/05/2022,2377,22EV3357-001-0,
TK_Manaia,31/05/2022,1292,22EV3475-001-0,
TK_Manaia,8/6/2022,1231,22EV3650-001-0,
TK_Manaia,14/06/2022,3377,22EV3761-001-0,
TK_Manaia,21/06/2022,,22EV3902-001-0,
TK_Manaia,28/06/2022,,22EV4033-001-0,
TK_Manaia,5/7/2022,,22EV4185-001-0,
TK_NewPlymouth,22/06/2022,45715,22EV3959-001-0,
TK_NewPlymouth,5/7/2022,31598,22EV4181-001-0,
TK_NewPlymouth,7/7/2022,37872,22EV4266-001-0,
TK_NewPlymouth,12/7/2022,39730,22EV4333-001-0,
TK_NewPlymouth,14/07/2022,53977,22EV4424-001-0,
TK_NewPlymouth,7/19/2022,37770,22EV4493-001-0,
TK_NewPlymouth,21/07/2022,40103,22EV4577-001-0,
TK_NewPlymouth,7/26/2022,35056,22EV4654-001-0,
TK_NewPlymouth,28/07/2022,35056,22EV4749-001-0,
TK_NewPlymouth,2/8/2022,44033,22EV4814-001-0,
TK_NewPlymouth,4/8/2022,41692,22EV4901-001-0,
TK_Opunake,23/08/2021,1091,21EV1381-001-0,
TK_Opunake,31/08/2021,825,21EV1621-004-0,
TK_Opunake,9/9/2021,691,21EV1859-004-0,
TK_Opunake,16/09/2021,1042,21EV2006-003-0,
TK_Opunake,14/10/2021,1160,21EV2618-002-0,
TK_Opunake,21/10/2021,660,21EV2807-001-0,
TK_Opunake,27/10/2021,508,21EV2899-002-0,
TK_Opunake,2/11/2021,456,21EV3031-002-0,
TK_Opunake,8/11/2021,445,21EV3177-003-0,
TK_Opunake,9/11/2021,404,21EV3217-003-0,
TK_Opunake,15/11/2021,471,21EV3376-001-0,
TK_Opunake,16/11/2021,521,21EV3441-001-0,
TK_Opunake,22/11/2021,500,21EV3616-001-0,
TK_Opunake,23/11/2021,517,21EV3665-001-0,
TK_Opunake,29/11/2021,366,21EV3815-001-0,
TK_Opunake,30/11/2021,456,21EV3860-003-0,
TK_Opunake,6/12/2021,508,21EV3998-003-0,
TK_Opunake,7/12/2021,965,21EV4000-003-0,
TK_Opunake,13/12/2021,1688,21EV4158-001-0,
TK_Opunake,14/12/2021,2589,21EV4253-001-0,
TK_Opunake,15/12/2021,3988,21EV4246-001-0,
TK_Opunake,20/12/2021,1534,21EV4339-001-0,
TK_Opunake,21/12/2021,1535,21EV4367-001-0,
TK_Opunake,29/12/2021,998,21EV4492-001-0,
TK_Opunake,5/1/2022,632,22EV0037-001-0,
TK_Opunake,10/1/2022,507,22EV0117-001-0,
TK_Opunake,11/1/2022,493,22EV0155-001-0,
TK_Opunake,12/1/2022,480,22EV0229-001-0,
TK_Opunake,18/01/2022,400,22EV0331-001-0,
TK_Opunake,19/01/2022,366,22EV0371-001-0,
TK_Opunake,25/01/2022,373,22EV0485-001-0,
TK_Opunake,26/01/2022,400,22EV0550-001-0,
TK_Opunake,1/2/2022,323,22EV0694-001-0,
TK_Opunake,2/2/2022,305,22EV0739-001-0,
TK_Opunake,8/2/2022,4462,22EV0851-001-0,
TK_Opunake,9/2/2022,3086,22EV0912-001-0,
TK_Opunake,15/02/2022,4042,22EV1068-001-0,
TK_Opunake,16/02/2022,3025,22EV1112-001-0,
TK_Opunake,22/02/2022,1500,22EV1268-001-0,
TK_Opunake,23/02/2022,1332,22EV1335-001-0,
TK_Opunake,1/3/2022,823,22EV1422-001-0,
TK_Opunake,2/3/2022,743,22EV1471-001-0,
TK_Opunake,8/3/2022,635,22EV1630-001-0,
TK_Opunake,9/3/2022,351,22EV1652-001-0,
TK_Opunake,15/03/2022,511,22EV1794-001-0,
TK_Opunake,16/03/2022,472,22EV1837-001-0,
TK_Opunake,22/03/2022,720,22EV1968-001-0,
TK_Opunake,23/03/2022,725,22EV2007-001-0,
TK_Opunake,29/03/2022,536,22EV2131-001-0,
TK_Opunake,30/03/2022,521,22EV2168-001-0,
TK_Opunake,5/4/2022,468,22EV2297-001-0,
TK_Opunake,6/4/2022,481,22EV2333-001-0,
TK_Opunake,12/4/2022,446,22EV2450-001-0,
TK_Opunake,13/04/2022,458,22EV2501-001-0,
TK_Opunake,20/04/2022,374,22EV2615-001-0,
TK_Opunake,27/04/2022,489,22EV2747-001-0,
TK_Opunake,3/5/2022,426,22EV2865-001-0,
TK_Opunake,4/5/2022,422,22EV2919-001-0,
TK_Opunake,10/5/2022,468,22EV3030-001-0,
TK_Opunake,11/5/2022,467,22EV3087-001-0,
TK_Opunake,17/05/2022,1193,22EV3189-001-0,
TK_Opunake,18/05/2022,1606,22EV3234-001-0,
TK_Opunake,24/05/2022,1008,22EV3343-001-0,
TK_Opunake,25/05/2022,892,22EV3358-001-0,
TK_Opunake,31/05/2022,886,22EV3476-001-0,
TK_Opunake,8/6/2022,808,22EV3649-001-0,
TK_Opunake,14/06/2022,1692,22EV3762-001-0,
TK_Opunake,21/06/2022,,22EV3903-001-0,
TK_Opunake,28/06/2022,,22EV4034-001-0,
TK_Opunake,5/7/2022,,22EV4186-001-0,
TK_Opunake,12/7/2022,,22EV4338-001-0,
TK_Patea,5/1/2022,620,22EV0038-001-0,
TK_Patea,10/1/2022,484,22EV0118-001-0,
TK_Patea,11/1/2022,459,22EV0156-001-0,
TK_Patea,12/1/2022,447,22EV0230-001-0,
TK_Patea,18/01/2022,397,22EV0332-001-0,
TK_Patea,19/01/2022,381,22EV0372-001-0,
TK_Patea,25/01/2022,340,22EV0486-001-0,
TK_Patea,26/01/2022,361,22EV0579-001-0,
TK_Patea,1/2/2022,329,22EV0695-001-0,
TK_Patea,2/2/2022,322,22EV0740-001-0,
TK_Patea,8/2/2022,2559,22EV0852-001-0,
TK_Patea,9/2/2022,1884,22EV0913-001-0,
TK_Patea,15/02/2022,2395,22EV1069-001-0,
TK_Patea,16/02/2022,1984,22EV1113-001-0,
TK_Patea,22/02/2022,1176,22EV1265-001-0,
TK_Patea,23/02/2022,1069,22EV1306-001-0,
TK_Patea,1/3/2022,721,22EV1427-001-0,
TK_Patea,2/3/2022,675,22EV1468-001-0,
TK_Patea,8/3/2022,538,22EV1631-001-0,
TK_Patea,9/3/2022,509,22EV1653-001-0,
TK_Patea,15/03/2022,428,22EV1795-001-0,
TK_Patea,16/03/2022,403,22EV1838-001-0,
TK_Patea,22/03/2022,581,22EV1969-001-0,
TK_Patea,23/03/2022,554,22EV2004-001-0,
TK_Patea,29/03/2022,442,22EV2132-001-0,
TK_Patea,30/03/2022,417,22EV2169-001-0,
TK_Patea,5/4/2022,391,22EV2294-001-0,
TK_Patea,6/4/2022,408,22EV2334-001-0,
TK_Patea,12/4/2022,341,22EV2451-001-0,
TK_Patea,13/04/2022,332,22EV2503-001-0,
TK_Patea,20/04/2022,366,22EV2616-001-0,
TK_Patea,27/04/2022,337,22EV2748-001-0,
TK_Patea,3/5/2022,339,22EV2867-001-0,
TK_Patea,4/5/2022,336,22EV2920-001-0,
TK_Patea,10/5/2022,542,22EV3031-001-0,
TK_Patea,11/5/2022,580,22EV3088-001-0,
TK_Patea,17/05/2022,730,22EV3190-001-0,
TK_Patea,18/05/2022,844,22EV3235-001-0,
TK_Patea,24/05/2022,595,22EV3331-001-0,
TK_Patea,25/05/2022,543,22EV3359-001-0,
TK_Patea,31/05/2022,465,22EV3477-001-0,
TK_Patea,8/6/2022,439,22EV3651-001-0,
TK_Patea,14/06/2022,1300,22EV3764-001-0,
TK_Patea,21/06/2022,,22EV3904-001-0,
TK_Patea,28/06/2022,,22EV4035-001-0,
TK_Patea,5/7/2022,,22EV4187-001-0,
TK_Patea,12/7/2022,,22EV4339-001-0,
TK_Stratford,5/1/2022,3234,22EV0092-001-0,
TK_Stratford,11/1/2022,2611,22EV0157-001-0,
TK_Stratford,12/1/2022,2556,22EV0193-001-0,
TK_Stratford,18/01/2022,2246,22EV0373-001-0,
TK_Stratford,20/01/2022,2559,22EV0413-001-0,
TK_Stratford,25/01/2022,2244,22EV0507-001-0,
TK_Stratford,26/01/2022,2393,22EV0561-001-0,
TK_Stratford,1/2/2022,2141,22EV0696-001-0,
TK_Stratford,2/2/2022,1878,22EV0741-001-0,
TK_Stratford,9/2/2022,9487,22EV0921-001-0,
TK_Stratford,10/2/2022,8095,22EV0981-001-0,
TK_Stratford,15/02/2022,16820,22EV1070-001-0,
TK_Stratford,16/02/2022,13761,22EV1115-001-0,
TK_Stratford,22/02/2022,5949,22EV1272-001-0,
TK_Stratford,23/02/2022,5317,22EV1309-001-0,
TK_Stratford,1/3/2022,3241,22EV1431-001-0,
TK_Stratford,2/3/2022,3174,22EV1473-001-0,
TK_Stratford,8/3/2022,2925,22EV1632-001-0,
TK_Stratford,9/3/2022,2815,22EV1656-001-0,
TK_Stratford,16/03/2022,2533,22EV1890-001-0,
TK_Stratford,17/03/2022,2552,22EV1889-001-0,
TK_Stratford,23/03/2022,4221,22EV2008-001-0,
TK_Stratford,24/03/2022,4221,22EV2045-001-0,
TK_Stratford,5/5/2022,3577,22EV2955-001-0,
TK_Stratford,10/5/2022,3713,22EV3033-001-0,
TK_Stratford,19/05/2022,2817,22EV3264-001-0,
TK_Stratford,25/05/2022,3480,22EV3361-001-0,
TK_Stratford,2/6/2022,13716,22EV3551-001-0,
TK_Stratford,9/6/2022,9041,22EV3681-001-0,
TK_Stratford,16/06/2022,11287,22EV3828-001-0,
TK_Waverley,10/1/2022,194,22EV0119-001-0,
TK_Waverley,11/1/2022,196,22EV0158-001-0,
TK_Waverley,12/1/2022,192,22EV0231-001-0,
TK_Waverley,18/01/2022,124,22EV0333-001-0,
TK_Waverley,19/01/2022,109,22EV0374-001-0,
TK_Waverley,25/01/2022,231,22EV0487-001-0,
TK_Waverley,26/01/2022,238,22EV0580-001-0,
TK_Waverley,1/2/2022,327,22EV0697-001-0,
TK_Waverley,2/2/2022,352,22EV0742-001-0,
TK_Waverley,8/2/2022,411,22EV0853-001-0,
TK_Waverley,9/2/2022,396,22EV0914-001-0,
TK_Waverley,15/02/2022,497,22EV1071-001-0,
TK_Waverley,16/02/2022,445,22EV1114-001-0,
TK_Waverley,22/02/2022,371,22EV1262-001-0,
TK_Waverley,23/02/2022,368,22EV1307-001-0,
TK_Waverley,1/3/2022,354,22EV1429-001-0,
TK_Waverley,2/3/2022,372,22EV1467-001-0,
TK_Waverley,8/3/2022,393,22EV1633-001-0,
TK_Waverley,9/3/2022,365,22EV1655-001-0,
TK_Waverley,15/03/2022,322,22EV1796-001-0,
TK_Waverley,16/03/2022,332,22EV1839-001-0,
TK_Waverley,22/03/2022,455,22EV1970-001-0,
TK_Waverley,23/03/2022,393,22EV2003-001-0,
TK_Waverley,29/03/2022,339,22EV2133-001-0,
TK_Waverley,30/03/2022,318,22EV2170-001-0,
TK_Waverley,5/4/2022,337,22EV2298-001-0,
TK_Waverley,6/4/2022,441,22EV2335-001-0,
TK_Waverley,12/4/2022,359,22EV2452-001-0,
TK_Waverley,13/04/2022,339,22EV2504-001-0,
TK_Waverley,20/04/2022,219,22EV2617-001-0,
TK_Waverley,27/04/2022,507,22EV2749-001-0,
TK_Waverley,3/5/2022,760,22EV2868-001-0,
TK_Waverley,4/5/2022,727,22EV2921-001-0,
TK_Waverley,10/5/2022,482,22EV3032-001-0,
TK_Waverley,11/5/2022,507,22EV3089-001-0,
TK_Waverley,17/05/2022,1844,22EV3191-001-0,
TK_Waverley,18/05/2022,1633,22EV3236-001-0,
TK_Waverley,24/05/2022,671,22EV3332-001-0,
TK_Waverley,25/05/2022,1025,22EV3360-001-0,
TK_Waverley,31/05/2022,709,22EV3478-001-0,
TK_Waverley,8/6/2022,228,22EV3652-001-0,
TK_Waverley,14/06/2022,1273,22EV3765-001-0,
TK_Waverley,21/06/2022,,22EV3905-001-0,
TK_Waverley,28/06/2022,,22EV4036-001-0,
TK_Waverley,5/7/2022,,22EV4188-001-0,
TK_Waverley,12/7/2022,,22EV4340-001-0,
TS_Motueka,11/1/2022,2544,22EV0180-001-0,
TS_Motueka,20/01/2022,2309,22EV0424-001-0,
TS_Motueka,26/01/2022,2894,22EV0583-001-0,
TS_Motueka,3/2/2022,1950,22EV0816-001-0,
TS_Motueka,9/2/2022,2235,22EV1005-001-0,
TS_Motueka,17/02/2022,2496,22EV1205-001-0,
TS_Motueka,24/02/2022,2335,22EV1381-001-0,
TS_Motueka,3/3/2022,2200,22EV1548-001-0,
TS_Motueka,9/3/2022,2140,22EV1667-001-0,
TS_Motueka,16/03/2022,1995,22EV1853-001-0,
TS_Motueka,24/03/2022,2262,22EV2068-001-0,
TS_Motueka,30/03/2022,2064,22EV2197-001-0,
TS_Motueka,8/4/2022,2083,22EV2399-001-0,
TS_Motueka,13/04/2022,1927,22EV2548-001-0,
TS_Motueka,20/04/2022,2156,22EV2687-001-0,
TS_Motueka,28/04/2022,2010,22EV2820-001-0,
TS_Motueka,4/5/2022,2053,22EV2932-001-0,
TS_Motueka,9/5/2022,1986,22EV3002-001-0,
TS_Motueka,20/05/2022,2620,22EV3276-001-0,
TS_Motueka,26/05/2022,2194,22EV3425-001-0,
TS_Motueka,2/6/2022,2701,22EV3561-001-0,
TS_Motueka,9/6/2022,3483,22EV3699-001-0,
TS_Motueka,22/06/2022,2898,22EV3966-001-0,
TS_Motueka,28/06/2022,3512,22EV4085-001-0,
TS_Motueka,5/7/2022,2793,22EV4200-001-0,
TS_Motueka,12/7/2022,9920,22EV4383-001-0,
WC_Greymouth,6/1/2022,,22EV0103-001-0,
WC_Greymouth,25/01/2022,,22EV0535-001-0,
WC_Greymouth,2/3/2022,1735.8,22EV1492-001-0,
WC_Greymouth,7/3/2022,1765.2,22EV1588-001-0,
WC_Greymouth,15/03/2022,2143.6,22EV1806-001-0,
WC_Greymouth,23/03/2022,2026.1,22EV2014-001-0,
WC_Greymouth,28/03/2022,1861.9,22EV2112-001-0,
WC_Greymouth,4/4/2022,2210.1,22EV2269-001-0,
WC_Greymouth,11/4/2022,2141.9,22EV2422-001-0,
WC_Greymouth,20/04/2022,3338.5,22EV2631-001-0,
WC_Greymouth,26/04/2022,2951.4,22EV2720-001-0,
WC_Greymouth,11/5/2022,2724.2,22EV3091-001-0,
WC_Greymouth,16/05/2022,5182.3,22EV3152-001-0,
WC_Greymouth,23/05/2022,2639.5,22EV3314-001-0,
WC_Greymouth,30/05/2022,4497.1,22EV3494-001-0,
WC_Greymouth,7/6/2022,4303.6,22EV3607-001-0,
WC_Greymouth,13/06/2022,4272.5,22EV3729-001-0,
WC_Greymouth,20/06/2022,2465.9,22EV3871-001-0,
WC_Greymouth,27/06/2022,,22EV4001-001-0,
WC_Greymouth,6/7/2022,,22EV4242-001-0,
WC_Greymouth,11/7/2022,,22EV4316-001-0,
WC_Westport,1/8/2022,6048,22EV4830-001-0,
WG_Carterton,5/1/2022,2721,22EV0049-001-0,
WG_Carterton,10/1/2022,1641,22EV0129-001-0,
WG_Carterton,13/01/2022,1847,22EV0247-001-0,
WG_Carterton,18/01/2022,2324,22EV0339-001-0,
WG_Carterton,20/01/2022,2592,22EV0407-001-0,
WG_Carterton,25/01/2022,2188,22EV0551-001-0,
WG_Carterton,28/01/2022,1944,22EV0634-001-0,
WG_Carterton,31/01/2022,2118,22EV0645-001-0,
WG_Carterton,3/2/2022,1829,22EV0815-001-0,
WG_Carterton,8/2/2022,4477,22EV0861-001-0,
WG_Carterton,11/2/2022,7121,22EV1015-001-0,
WG_Carterton,18/02/2022,7822,22EV1204-001-0,
WG_Carterton,23/02/2022,7843,22EV1313-001-0,
WG_Carterton,1/3/2022,7975,22EV1438-001-0,
WG_Carterton,3/3/2022,6236,22EV1533-001-0,
WG_Carterton,7/3/2022,4540,22EV1579-001-0,
WG_Carterton,10/3/2022,10213,22EV1703-001-0,
WG_Carterton,15/03/2022,9263,22EV1801-001-0,
WG_Carterton,17/03/2022,9104,22EV1898-001-0,
WG_Carterton,21/03/2022,7644,22EV1922-001-0,
WG_Carterton,24/03/2022,7593,22EV2057-001-0,
WG_Carterton,29/03/2022,18958,22EV2135-001-0,
WG_Carterton,1/4/2022,5172,22EV2236-001-0,
WG_Carterton,4/4/2022,4532,22EV2262-001-0,
WG_Carterton,7/4/2022,4154,22EV2383-001-0,
WG_Carterton,12/4/2022,3495,22EV2461-001-0,
WG_Carterton,14/04/2022,3285,22EV2542-001-0,
WG_Carterton,19/04/2022,2912,22EV2575-001-0,
WG_Carterton,21/04/2022,2680,22EV2672-001-0,
WG_Carterton,26/04/2022,2653,22EV2709-001-0,
WG_Carterton,28/04/2022,2540,22EV2794-001-0,
WG_Carterton,2/5/2022,2464,22EV2836-001-0,
WG_Carterton,5/5/2022,2393,22EV2960-001-0,
WG_Carterton,9/5/2022,2203,22EV2992-001-0,
WG_Carterton,13/05/2022,2467,22EV3130-001-0,
WG_Carterton,16/05/2022,2459,22EV3140-001-0,
WG_Carterton,19/05/2022,2564,22EV3269-001-0,
WG_Carterton,23/05/2022,3316,22EV3308-001-0,
WG_Carterton,26/05/2022,2842,22EV3409-001-0,
WG_Carterton,30/05/2022,2626,22EV3442-001-0,
WG_Carterton,2/6/2022,3768,22EV3553-001-0,
WG_Carterton,7/6/2022,3892,22EV3596-001-0,
WG_Carterton,13/06/2022,18608,22EV3723-001-0,
WG_Carterton,16/06/2022,21297,22EV3836-001-0,
WG_Carterton,20/06/2022,21584,22EV3865-001-0,
WG_Carterton,22/06/2022,19455,22EV3961-001-0,
WG_Carterton,27/06/2022,10638,22EV3992-001-0,
WG_Carterton,29/06/2022,6095,22EV4076-001-0,
WG_Carterton,4/7/2022,4800,22EV4150-001-0,
WG_Carterton,7/7/2022,4292,22EV4270-001-0,
WG_Carterton,12/7/2022,18788,22EV4344-001-0,
WG_Carterton,27/07/2022,19913,22EV4711-001-0,
WG_Carterton,1/8/2022,19440,22EV4782-001-0,
WG_Carterton,4/8/2022,20218,22EV4905-001-0,
WG_Masterton,10/2/2022,19036,22EV0991-001-0,
WG_Masterton,15/02/2022,44848,22EV1078-001-0,
WG_Masterton,22/02/2022,33324,22EV1277-001-0,
WG_Masterton,23/02/2022,30964,22EV1310-001-0,
WG_Masterton,28/02/2022,24516,22EV1397-001-0,
WG_Masterton,2/3/2022,23300,22EV1474-001-0,
WG_Masterton,7/3/2022,20850,22EV1583-001-0,
WG_Masterton,9/3/2022,19650,22EV1657-001-0,
WG_Masterton,14/03/2022,17550,22EV1748-001-0,
WG_Masterton,16/03/2022,17050,22EV1846-001-0,
WG_Masterton,21/03/2022,15900,22EV1923-001-0,
WG_Masterton,23/03/2022,16100,22EV2009-001-0,
WG_Masterton,28/03/2022,22400,22EV2106-001-0,
WG_Masterton,30/03/2022,19950,22EV2176-001-0,
WG_Masterton,4/4/2022,16400,22EV2263-001-0,
WG_Masterton,6/4/2022,15400,22EV2336-001-0,
WG_Masterton,12/4/2022,14150,22EV2462-001-0,
WG_Masterton,13/04/2022,13900,22EV2511-001-0,
WG_Masterton,19/04/2022,13200,22EV2577-001-0,
WG_Masterton,20/04/2022,13250,22EV2629-001-0,
WG_Masterton,26/04/2022,12700,22EV2713-001-0,
WG_Masterton,27/04/2022,12600,22EV2754-001-0,
WG_Masterton,2/5/2022,12150,22EV2837-001-0,
WG_Masterton,3/5/2022,12100,22EV2876-001-0,
WG_Masterton,9/5/2022,11700,22EV2996-001-0,
WG_Masterton,10/5/2022,12850,22EV3042-001-0,
WG_Masterton,16/05/2022,12800,22EV3144-001-0,
WG_Masterton,17/05/2022,12900,22EV3198-001-0,
WG_Masterton,23/05/2022,13450,22EV3309-001-0,
WG_Masterton,24/05/2022,13050,22EV3333-001-0,
WG_Masterton,30/05/2022,13050,22EV3446-001-0,
WG_Masterton,31/05/2022,14250,22EV3484-001-0,
WG_Masterton,7/6/2022,14354,22EV3597-001-0,
WG_Masterton,8/6/2022,14154,22EV3656-001-0,
WG_Masterton,13/06/2022,24498,22EV3724-001-0,
WG_Masterton,14/06/2022,28302,22EV3771-001-0,
WG_Masterton,20/06/2022,21672,22EV3866-001-0,
WG_Masterton,21/06/2022,21170,22EV3910-001-0,
WG_Masterton,27/06/2022,19232,22EV3996-001-0,
WG_Masterton,28/06/2022,18936,22EV4041-001-0,
WG_Masterton,4/7/2022,,22EV4151-001-0,
WG_Masterton,5/7/2022,,22EV4193-001-0,
WG_Masterton,12/7/2022,,22EV4308-001-0,
WG_Masterton,13/07/2022,,22EV4348-001-0,
WG_Masterton,8/3/2022,25750,22EV4860-001-0,
WK_Hamilton,13/01/2022,43943,22EV0252-001-0,
WK_Hamilton,25/01/2022,43986,22EV0498-001-0,
WK_Hamilton,26/01/2022,44335,22EV0619-001-0,
WK_Hamilton,1/2/2022,44324,22EV0698-001-0,
WK_Hamilton,9/2/2022,53176,22EV0983-001-0,
WK_Hamilton,10/2/2022,48801,22EV0984-001-0,
WK_Hamilton,15/02/2022,47793,22EV1116-001-0,
WK_Hamilton,16/02/2022,46340,22EV1117-001-0,
WK_Hamilton,17/02/2022,45392,22EV1171-001-0,
WK_Hamilton,21/02/2022,46894,22EV1322-001-0,
WK_Hamilton,22/02/2022,46670,22EV1323-001-0,
WK_Hamilton,23/02/2022,47178,22EV1324-001-0,
WK_Hamilton,28/02/2022,45921,22EV1520-001-0,
WK_Hamilton,2/3/2022,46766,22EV1522-001-0,
WK_Hamilton,7/3/2022,46275,22EV1578-001-0,
WK_Hamilton,8/3/2022,46275,22EV1706-001-0,
WK_Hamilton,9/3/2022,46585,22EV1707-001-0,
WK_Hamilton,15/03/2022,44244,22EV1850-001-0,
WK_Hamilton,16/03/2022,44821,22EV1851-001-0,
WK_Hamilton,17/03/2022,44486,22EV1891-001-0,
WK_Hamilton,22/03/2022,85701,22EV2047-001-0,
WK_Hamilton,23/03/2022,59668,22EV2048-001-0,
WK_Hamilton,24/03/2022,48992,22EV2049-001-0,
WK_Hamilton,28/03/2022,44881,22EV2173-001-0,
WK_Hamilton,29/03/2022,46126,22EV2174-001-0,
WK_Hamilton,30/03/2022,46126,22EV2175-001-0,
WK_Hamilton,4/4/2022,45980,22EV2414-001-0,
WK_Hamilton,5/4/2022,47336,22EV2415-001-0,
WK_Hamilton,6/4/2022,46384,22EV2416-001-0,
WK_Hamilton,11/4/2022,44532,22EV2417-001-0,
WK_Hamilton,12/4/2022,45583,22EV2453-001-0,
WK_Hamilton,13/04/2022,45027,22EV2505-001-0,
WK_Hamilton,19/04/2022,40917,22EV2573-001-0,
WK_Hamilton,20/04/2022,44470,22EV2618-001-0,
WK_Hamilton,21/04/2022,44681,22EV2669-001-0,
WK_Hamilton,26/04/2022,43531,22EV2750-001-0,
WK_Hamilton,27/04/2022,45020,22EV2751-001-0,
WK_Hamilton,28/04/2022,44282,22EV2790-001-0,
WK_Hamilton,2/5/2022,44035,22EV2835-001-0,
WK_Hamilton,3/5/2022,45474,22EV2922-001-0,
WK_Hamilton,5/5/2022,45312,22EV2956-001-0,
WK_Hamilton,9/5/2022,43090,22EV2991-001-0,
WK_Hamilton,10/5/2022,46770,22EV3034-001-0,
WK_Hamilton,12/5/2022,47326,22EV3113-001-0,
WK_Hamilton,16/05/2022,42855,22EV3192-001-0,
WK_Hamilton,17/05/2022,48011,22EV3193-001-0,
WK_Hamilton,18/05/2022,45825,22EV3237-001-0,
WK_Hamilton,24/05/2022,51201,22EV3344-001-0,
WK_Hamilton,25/05/2022,48170,22EV3362-001-0,
WK_Hamilton,26/05/2022,46901,22EV3396-001-0,
WK_Hamilton,30/05/2022,46901,22EV3438-001-0,
WK_Hamilton,31/05/2022,43744,22EV3479-001-0,
WK_Hamilton,1/6/2022,58445,22EV3534-001-0,
WK_Hamilton,7/6/2022,57317,22EV3616-001-0,
WK_Hamilton,8/6/2022,55564,22EV3682-001-0,
WK_Hamilton,9/6/2022,56530,22EV3683-001-0,
WK_Hamilton,13/06/2022,97219,22EV3722-001-0,
WK_Hamilton,14/06/2022,,22EV3766-001-0,
WK_Hamilton,16/06/2022,,22EV3829-001-0,
WK_Hamilton,22/06/2022,,22EV3960-001-0,
WK_Hamilton,27/06/2022,,22EV4004-001-0,
WK_Hamilton,28/06/2022,,22EV4112-001-0,
WK_Hamilton,30/06/2022,,22EV4113-001-0,
WK_Hamilton,5/7/2022,,22EV4221-001-0,
WK_Hamilton,6/7/2022,,22EV4222-001-0,
WK_Taupo,5/1/2022,7586,22EV0044-001-0,
WK_Taupo,10/1/2022,7007,22EV0123-001-0,
WK_Taupo,12/1/2022,6961,22EV0201-001-0,
WK_Taupo,17/01/2022,6720,22EV0281-001-0,
WK_Taupo,19/01/2022,6367,22EV0377-001-0,
WK_Taupo,24/01/2022,6799,22EV0509-001-0,
WK_Taupo,26/01/2022,6648,22EV0623-001-0,
WK_Taupo,2/2/2022,6098,22EV0745-001-0,
WK_Taupo,8/2/2022,7061,22EV0922-001-0,
WK_Taupo,10/2/2022,6069,22EV0987-001-0,
WK_Taupo,14/02/2022,7086,22EV1027-001-0,
WK_Taupo,16/02/2022,5897,22EV1134-001-0,
WK_Taupo,22/02/2022,6037,22EV1255-001-0,
WK_Taupo,24/02/2022,5879,22EV1369-001-0,
WK_Taupo,1/3/2022,6084,22EV1435-001-0,
WK_Taupo,3/3/2022,5840,22EV1525-001-0,
WK_Taupo,8/3/2022,6363,22EV1634-001-0,
WK_Taupo,10/3/2022,5600,22EV1714-001-0,
WK_Taupo,15/03/2022,5862,22EV1797-001-0,
WK_Taupo,17/03/2022,6210,22EV1894-001-0,
WK_Taupo,24/03/2022,7237,22EV2051-001-0,
WK_Taupo,29/03/2022,6395,22EV2134-001-0,
WK_Taupo,31/03/2022,5556,22EV2225-001-0,
WK_Taupo,5/4/2022,5839,22EV2300-001-0,
WK_Taupo,7/4/2022,5916,22EV2382-001-0,
WK_Taupo,12/4/2022,7686,22EV2454-001-0,
WK_Taupo,20/04/2022,7155,22EV2619-001-0,
WK_Taupo,26/04/2022,6963,22EV2705-001-0,
WK_Taupo,3/5/2022,6302,22EV2869-001-0,
WK_Taupo,10/5/2022,6220,22EV3035-001-0,
WK_Taupo,12/5/2022,6238,22EV3116-001-0,
WK_Taupo,17/05/2022,6275,22EV3194-001-0,
WK_Taupo,19/05/2022,6266,22EV3265-001-0,
WK_Taupo,23/05/2022,6275,22EV3304-001-0,
WK_Taupo,26/05/2022,6084,22EV3399-001-0,
WK_Taupo,31/05/2022,7142,22EV3480-001-0,
WK_Taupo,2/6/2022,6770,22EV3552-001-0,
WK_Taupo,7/6/2022,6796,22EV3595-001-0,
WK_Taupo,9/6/2022,6695,22EV3686-001-0,
WK_Taupo,14/06/2022,7481,22EV3767-001-0,
WK_Taupo,16/06/2022,5898,22EV3832-001-0,
WK_Taupo,21/06/2022,,22EV3906-001-0,
WK_Taupo,28/06/2022,,22EV4037-001-0,
WK_Taupo,30/06/2022,,22EV4116-001-0,
WK_Taupo,5/7/2022,,22EV4189-001-0,
WK_Taupo,7/7/2022,,22EV4291-001-0,
WK_Taupo,12/7/2022,,22EV4341-001-0,
WK_Thames,5/1/2022,2450,22EV0046-001-0,
WK_Thames,10/1/2022,2395,22EV0126-001-0,
WK_Thames,13/01/2022,2348,22EV0244-001-0,
WK_Thames,17/01/2022,620,22EV0300-001-0,
WK_Thames,20/01/2022,2367,22EV0404-001-0,
WK_Thames,24/01/2022,2373,22EV0447-001-0,
WK_Thames,27/01/2022,2372,22EV0624-001-0,
WK_Thames,2/2/2022,2375,22EV0746-001-0,
WK_Thames,3/2/2022,2348,22EV0812-001-0,
WK_Thames,8/2/2022,4246,22EV0858-001-0,
WK_Thames,10/2/2022,3073,22EV0988-001-0,
WK_Thames,15/02/2022,2762,22EV1072-001-0,
WK_Thames,17/02/2022,2604,22EV1174-001-0,
WK_Thames,21/02/2022,2991,22EV1276-001-0,
WK_Thames,23/02/2022,2640,22EV1299-001-0,
WK_Whangamata,5/1/2022,3094,22EV0047-001-0,
WK_Whangamata,10/1/2022,2477,22EV0127-001-0,
WK_Whangamata,13/01/2022,2339,22EV0245-001-0,
WK_Whangamata,17/01/2022,1938,22EV0301-001-0,
WK_Whangamata,20/01/2022,1986,22EV0405-001-0,
WK_Whangamata,24/01/2022,1977,22EV0448-001-0,
WK_Whangamata,27/01/2022,1977,22EV0625-001-0,
WK_Whangamata,2/2/2022,1784,22EV0747-001-0,
WK_Whangamata,3/2/2022,1820,22EV0813-001-0,
WK_Whangamata,8/2/2022,2389,22EV0859-001-0,
WK_Whangamata,9/2/2022,3178,22EV0989-001-0,
WK_Whangamata,15/02/2022,1595,22EV1073-001-0,
WK_Whangamata,17/02/2022,1585,22EV1175-001-0,
WK_Whangamata,21/02/2022,1575,22EV1275-001-0,
WK_Whangamata,23/02/2022,1491,22EV1300-001-0,
WK_Whitianga,5/1/2022,2327,22EV0048-001-0,
WK_Whitianga,10/1/2022,1961,22EV0128-001-0,
WK_Whitianga,13/01/2022,2041,22EV0246-001-0,
WK_Whitianga,17/01/2022,1755,22EV0302-001-0,
WK_Whitianga,20/01/2022,1890,22EV0406-001-0,
WK_Whitianga,24/01/2022,1665,22EV0449-001-0,
WK_Whitianga,27/01/2022,1950,22EV0626-001-0,
WK_Whitianga,2/2/2022,1599,22EV0748-001-0,
WK_Whitianga,3/2/2022,1685,22EV0814-001-0,
WK_Whitianga,8/2/2022,2851,22EV0860-001-0,
WK_Whitianga,10/2/2022,3110,22EV0990-001-0,
WK_Whitianga,15/02/2022,1973,22EV1074-001-0,
WK_Whitianga,17/02/2022,1741,22EV1176-001-0,
WK_Whitianga,21/02/2022,1527,22EV1274-001-0,
WK_Whitianga,23/02/2022,1692,22EV1301-001-0,
